url,domain,platform,niche,country,source,theme
https://a7canada.com,a7canada.com,shopify,,,cro_media,
https://aadvikfoods.com,aadvikfoods.com,shopify,,,cro_media,
https://ador.health,ador.health,shopify,,,cro_media,
https://adozencousins.com,adozencousins.com,shopify,,,cro_media,
https://adpoolsandtoys.com,adpoolsandtoys.com,shopify,,,cro_media,
https://afterwork-grocery.com,afterwork-grocery.com,shopify,,,cro_media,
https://ambercrown.com,ambercrown.com,shopify,,,cro_media,
https://amoveablefeast.com,amoveablefeast.com,shopify,,,cro_media,
https://antler.co.uk,antler.co.uk,shopify,,,cro_media,
https://artisanthropy.ca,artisanthropy.ca,shopify,,,cro_media,
https://artte.org,artte.org,shopify,,,cro_media,
https://ashimafashion.com,ashimafashion.com,shopify,,,cro_media,
https://audioadvice.com,audioadvice.com,shopify,,,cro_media,
https://aulilifestyle.com,aulilifestyle.com,shopify,,,cro_media,
https://australian-bodycare.se,australian-bodycare.se,shopify,,,cro_media,
https://australianwheatgrass.com.au,australianwheatgrass.com.au,shopify,,,cro_media,
https://awareness-avenue.com,awareness-avenue.com,shopify,,,cro_media,
https://batchd.co.uk,batchd.co.uk,shopify,,,cro_media,
https://bbydesigns.com.au,bbydesigns.com.au,shopify,,,cro_media,
https://beefuel.org,beefuel.org,shopify,,,cro_media,
https://bellanaillounge.com,bellanaillounge.com,shopify,,,cro_media,
https://bigmurphys.com,bigmurphys.com,shopify,,,cro_media,
https://bluenilebotanicals.com,bluenilebotanicals.com,shopify,,,cro_media,
https://brendageigerdesigns.com,brendageigerdesigns.com,shopify,,,cro_media,
https://brewbitz.com,brewbitz.com,shopify,,,cro_media,
https://brewy.com.au,brewy.com.au,shopify,,,cro_media,
https://buddhabubblesboba.com,buddhabubblesboba.com,shopify,,,cro_media,
https://buyacupuncture.ca,buyacupuncture.ca,shopify,,,cro_media,
https://buyemptycapsules.com.au,buyemptycapsules.com.au,shopify,,,cro_media,
https://ca.goodgoodbrand.com,ca.goodgoodbrand.com,shopify,,,cro_media,
https://camilalamps.com,camilalamps.com,shopify,,,cro_media,
https://cardiologycoffee.com,cardiologycoffee.com,shopify,,,cro_media,
https://casualproclub.com,casualproclub.com,shopify,,,cro_media,
https://checkoutmybuns.com,checkoutmybuns.com,shopify,,,cro_media,
https://cheribombretro.com,cheribombretro.com,shopify,,,cro_media,
https://cherrish.com,cherrish.com,shopify,,,cro_media,
https://chococheeseny.com,chococheeseny.com,shopify,,,cro_media,
https://chocogala.com,chocogala.com,shopify,,,cro_media,
https://choconchoc.co.uk,choconchoc.co.uk,shopify,,,cro_media,
https://citizenshirt.com,citizenshirt.com,shopify,,,cro_media,
https://classicgoldenpecans.com,classicgoldenpecans.com,shopify,,,cro_media,
https://coastnewzealand.com,coastnewzealand.com,shopify,,,cro_media,
https://coffeeculture.asia,coffeeculture.asia,shopify,,,cro_media,
https://coins-of-crypto.com,coins-of-crypto.com,shopify,,,cro_media,
https://comeme.com.mx,comeme.com.mx,shopify,,,cro_media,
https://corechamps.ae,corechamps.ae,shopify,,,cro_media,
https://cortezcoffee.com,cortezcoffee.com,shopify,,,cro_media,
https://creamgelateria.com,creamgelateria.com,shopify,,,cro_media,
https://creekwoodnaturals.com,creekwoodnaturals.com,shopify,,,cro_media,
https://crossfit.wildebrands.com,crossfit.wildebrands.com,shopify,,,cro_media,
https://cupcakenovelties.com,cupcakenovelties.com,shopify,,,cro_media,
https://dazzledryaustralia.com.au,dazzledryaustralia.com.au,shopify,,,cro_media,
https://dealsexpress.pk,dealsexpress.pk,shopify,,,cro_media,
https://debutanteclothing.com,debutanteclothing.com,shopify,,,cro_media,
https://dhfishingadventures.com,dhfishingadventures.com,shopify,,,cro_media,
https://diegodallapalma.com,diegodallapalma.com,shopify,,,cro_media,
https://doctorinsole.com,doctorinsole.com,shopify,,,cro_media,
https://donnatellaperfumes.com,donnatellaperfumes.com,shopify,,,cro_media,
https://dontquit.com,dontquit.com,shopify,,,cro_media,
https://dozyoats.com,dozyoats.com,shopify,,,cro_media,
https://drifthq.com,drifthq.com,shopify,,,cro_media,
https://drinkrevitalyte.com,drinkrevitalyte.com,shopify,,,cro_media,
https://drjuiceusa.com,drjuiceusa.com,shopify,,,cro_media,
https://drvanilla.com,drvanilla.com,shopify,,,cro_media,
https://easterndistrictny.com,easterndistrictny.com,shopify,,,cro_media,
https://eatpmp.com,eatpmp.com,shopify,,,cro_media,
https://eatsaltysweet.com,eatsaltysweet.com,shopify,,,cro_media,
https://eberkshire.com,eberkshire.com,shopify,,,cro_media,
https://ecuagenera.com,ecuagenera.com,shopify,,,cro_media,
https://edibleblooms.co.nz,edibleblooms.co.nz,shopify,,,cro_media,
https://ehplabs.com,ehplabs.com,shopify,,,cro_media,
https://elektor.de,elektor.de,shopify,,,cro_media,
https://elitedonut.com,elitedonut.com,shopify,,,cro_media,
https://elliesbest.com,elliesbest.com,shopify,,,cro_media,
https://enchroma.com,enchroma.com,shopify,,,cro_media,
https://escutcheonbrewing.com,escutcheonbrewing.com,shopify,,,cro_media,
https://estickybrand.com,estickybrand.com,shopify,,,cro_media,
https://evivenutrition.ca,evivenutrition.ca,shopify,,,cro_media,
https://evoolution.ca,evoolution.ca,shopify,,,cro_media,
https://eyeformarketing.com,eyeformarketing.com,shopify,,,cro_media,
https://fairnatural.de,fairnatural.de,shopify,,,cro_media,
https://felizmodern.com,felizmodern.com,shopify,,,cro_media,
https://feniz.nl,feniz.nl,shopify,,,cro_media,
https://fiteats.com,fiteats.com,shopify,,,cro_media,
https://flerbarvape.de,flerbarvape.de,shopify,,,cro_media,
https://fodbods.co.uk,fodbods.co.uk,shopify,,,cro_media,
https://friendlygrains.com,friendlygrains.com,shopify,,,cro_media,
https://fruitfully.com,fruitfully.com,shopify,,,cro_media,
https://fuel-station.co.uk,fuel-station.co.uk,shopify,,,cro_media,
https://fulfilnutrition.co.uk,fulfilnutrition.co.uk,shopify,,,cro_media,
https://funkyfatfoods.com,funkyfatfoods.com,shopify,,,cro_media,
https://funwithdysfunction.com,funwithdysfunction.com,shopify,,,cro_media,
https://gachamachine.com,gachamachine.com,shopify,,,cro_media,
https://gagas.com.au,gagas.com.au,shopify,,,cro_media,
https://gallerykhat.com,gallerykhat.com,shopify,,,cro_media,
https://gamamusic.com,gamamusic.com,shopify,,,cro_media,
https://geologie.com,geologie.com,shopify,,,cro_media,
https://getjing.com,getjing.com,shopify,,,cro_media,
https://getoutsideshoes.com,getoutsideshoes.com,shopify,,,cro_media,
https://ghasitaramgifts.com,ghasitaramgifts.com,shopify,,,cro_media,
https://giftcards.unclemikesbakeshoppe.com,giftcards.unclemikesbakeshoppe.com,shopify,,,cro_media,
https://gifts.wuollet.com,gifts.wuollet.com,shopify,,,cro_media,
https://gillipepperjewellery.com.au,gillipepperjewellery.com.au,shopify,,,cro_media,
https://glorygarden.org,glorygarden.org,shopify,,,cro_media,
https://glutalipo.com,glutalipo.com,shopify,,,cro_media,
https://glutenfreespecialties.com,glutenfreespecialties.com,shopify,,,cro_media,
https://goldhund.de,goldhund.de,shopify,,,cro_media,
https://goruvi.com,goruvi.com,shopify,,,cro_media,
https://gourmetboutique.net,gourmetboutique.net,shopify,,,cro_media,
https://hailnia.com,hailnia.com,shopify,,,cro_media,
https://halaleveryday.com,halaleveryday.com,shopify,,,cro_media,
https://hamptonsbrine.com,hamptonsbrine.com,shopify,,,cro_media,
https://haverhill.com,haverhill.com,shopify,,,cro_media,
https://headwines.com.au,headwines.com.au,shopify,,,cro_media,
https://healthiercomforts.com,healthiercomforts.com,shopify,,,cro_media,
https://healthy-lunch.fr,healthy-lunch.fr,shopify,,,cro_media,
https://healthygoodness.com,healthygoodness.com,shopify,,,cro_media,
https://healthysnacks.nz,healthysnacks.nz,shopify,,,cro_media,
https://hellawkward.com,hellawkward.com,shopify,,,cro_media,
https://herbanwellness.net,herbanwellness.net,shopify,,,cro_media,
https://hereweflow.com,hereweflow.com,shopify,,,cro_media,
https://hickoryfarms.ca,hickoryfarms.ca,shopify,,,cro_media,
https://homebakersmart.co.in,homebakersmart.co.in,shopify,,,cro_media,
https://imwellthy.com,imwellthy.com,shopify,,,cro_media,
https://irislee.com,irislee.com,shopify,,,cro_media,
https://jazib.com.pk,jazib.com.pk,shopify,,,cro_media,
https://jm-boots.com,jm-boots.com,shopify,,,cro_media,
https://kadakchai.com.au,kadakchai.com.au,shopify,,,cro_media,
https://kellyandjones.com,kellyandjones.com,shopify,,,cro_media,
https://kellysflowershoppe.com,kellysflowershoppe.com,shopify,,,cro_media,
https://kingproteincookies.com,kingproteincookies.com,shopify,,,cro_media,
https://kitandkaboodlesbaskets.com,kitandkaboodlesbaskets.com,shopify,,,cro_media,
https://kizingokids.com,kizingokids.com,shopify,,,cro_media,
https://kudzucolumbia.com,kudzucolumbia.com,shopify,,,cro_media,
https://kurvesbyjanet.com,kurvesbyjanet.com,shopify,,,cro_media,
https://labaskets.com,labaskets.com,shopify,,,cro_media,
https://lanmeiyoupin.shop,lanmeiyoupin.shop,shopify,,,cro_media,
https://largestheart.org,largestheart.org,shopify,,,cro_media,
https://laselvabeachspice.com,laselvabeachspice.com,shopify,,,cro_media,
https://leahitsines.com.au,leahitsines.com.au,shopify,,,cro_media,
https://leggendashop.com,leggendashop.com,shopify,,,cro_media,
https://lemonadeglutenfreebakery.ca,lemonadeglutenfreebakery.ca,shopify,,,cro_media,
https://lilahblueboutique.com,lilahblueboutique.com,shopify,,,cro_media,
https://lobicreative.co.uk,lobicreative.co.uk,shopify,,,cro_media,
https://longgroveconfectionery.com,longgroveconfectionery.com,shopify,,,cro_media,
https://lotusbloomingherbs.com,lotusbloomingherbs.com,shopify,,,cro_media,
https://loydford.com,loydford.com,shopify,,,cro_media,
https://luxsanat.com,luxsanat.com,shopify,,,cro_media,
https://lyonsreadycare.com,lyonsreadycare.com,shopify,,,cro_media,
https://madaracosmetics.com,madaracosmetics.com,shopify,,,cro_media,
https://magicmind.co,magicmind.co,shopify,,,cro_media,
https://maisonbrocante.co.uk,maisonbrocante.co.uk,shopify,,,cro_media,
https://marispearlco.com,marispearlco.com,shopify,,,cro_media,
https://matbakhyspices.com,matbakhyspices.com,shopify,,,cro_media,
https://mdriveformen.com,mdriveformen.com,shopify,,,cro_media,
https://mealboosters.com,mealboosters.com,shopify,,,cro_media,
https://meethi.in,meethi.in,shopify,,,cro_media,
https://meinearbeitsschuhe.com,meinearbeitsschuhe.com,shopify,,,cro_media,
https://meltingforest.com,meltingforest.com,shopify,,,cro_media,
https://mercadojamaica.com,mercadojamaica.com,shopify,,,cro_media,
https://micheselgordo.com,micheselgordo.com,shopify,,,cro_media,
https://missionbmx.com,missionbmx.com,shopify,,,cro_media,
https://molinoshop.com,molinoshop.com,shopify,,,cro_media,
https://momi.baby,momi.baby,shopify,,,cro_media,
https://moogoousa.com,moogoousa.com,shopify,,,cro_media,
https://moschino.com,moschino.com,shopify,,,cro_media,
https://mountainjoes.co.uk,mountainjoes.co.uk,shopify,,,cro_media,
https://murcuryfirefly.com,murcuryfirefly.com,shopify,,,cro_media,
https://mybreadbakery.com,mybreadbakery.com,shopify,,,cro_media,
https://mynextbike.co.uk,mynextbike.co.uk,shopify,,,cro_media,
https://mypreciousname.com,mypreciousname.com,shopify,,,cro_media,
https://myskin.lv,myskin.lv,shopify,,,cro_media,
https://naturalblondemix.com,naturalblondemix.com,shopify,,,cro_media,
https://naturesante.ca,naturesante.ca,shopify,,,cro_media,
https://naturesbox.in,naturesbox.in,shopify,,,cro_media,
https://natureslureshop.com,natureslureshop.com,shopify,,,cro_media,
https://ninjaimplants.com,ninjaimplants.com,shopify,,,cro_media,
https://nkgart.com,nkgart.com,shopify,,,cro_media,
https://ntkspa.com,ntkspa.com,shopify,,,cro_media,
https://numerogroup.com,numerogroup.com,shopify,,,cro_media,
https://numgourmetdesserts.com,numgourmetdesserts.com,shopify,,,cro_media,
https://nuthera.ph,nuthera.ph,shopify,,,cro_media,
https://nutsola.com,nutsola.com,shopify,,,cro_media,
https://oasisgames.cl,oasisgames.cl,shopify,,,cro_media,
https://oneilpracticeresources.com,oneilpracticeresources.com,shopify,,,cro_media,
https://outrightbar.com,outrightbar.com,shopify,,,cro_media,
https://p7bmerch.org,p7bmerch.org,shopify,,,cro_media,
https://palermocoffee.com,palermocoffee.com,shopify,,,cro_media,
https://pamcakespancakes.com,pamcakespancakes.com,shopify,,,cro_media,
https://pandaliebe.de,pandaliebe.de,shopify,,,cro_media,
https://parisnaturalfoods.com,parisnaturalfoods.com,shopify,,,cro_media,
https://patsexoticbeverages.com,patsexoticbeverages.com,shopify,,,cro_media,
https://peakhorse.com,peakhorse.com,shopify,,,cro_media,
https://petezpop.com,petezpop.com,shopify,,,cro_media,
https://pieintheskybakery.com,pieintheskybakery.com,shopify,,,cro_media,
https://pimpinpositivity.net,pimpinpositivity.net,shopify,,,cro_media,
https://platinumprepmeals.com,platinumprepmeals.com,shopify,,,cro_media,
https://poweredbyoxygen.com,poweredbyoxygen.com,shopify,,,cro_media,
https://powerkitchen.ca,powerkitchen.ca,shopify,,,cro_media,
https://prepd.com,prepd.com,shopify,,,cro_media,
https://pringlescotland.com,pringlescotland.com,shopify,,,cro_media,
https://prohealth.com,prohealth.com,shopify,,,cro_media,
https://prolicious.com,prolicious.com,shopify,,,cro_media,
https://proteinsnackshop.com,proteinsnackshop.com,shopify,,,cro_media,
https://pulseresearchlab.com,pulseresearchlab.com,shopify,,,cro_media,
https://puritycoffee.com,puritycoffee.com,shopify,,,cro_media,
https://qlaces.com,qlaces.com,shopify,,,cro_media,
https://rareopulence.net,rareopulence.net,shopify,,,cro_media,
https://rawsome.com.tr,rawsome.com.tr,shopify,,,cro_media,
https://redplatefoods.com,redplatefoods.com,shopify,,,cro_media,
https://reflectwindow.com,reflectwindow.com,shopify,,,cro_media,
https://retrospect.co.jp,retrospect.co.jp,shopify,,,cro_media,
https://rise311.com,rise311.com,shopify,,,cro_media,
https://rockinrudys.com,rockinrudys.com,shopify,,,cro_media,
https://rootsandleaves.info,rootsandleaves.info,shopify,,,cro_media,
https://rostiy.com,rostiy.com,shopify,,,cro_media,
https://roxannefashions.com.au,roxannefashions.com.au,shopify,,,cro_media,
https://roxx.mx,roxx.mx,shopify,,,cro_media,
https://rumseys.co.uk,rumseys.co.uk,shopify,,,cro_media,
https://saintmidas.com,saintmidas.com,shopify,,,cro_media,
https://saltbyhendrix.com,saltbyhendrix.com,shopify,,,cro_media,
https://sansmealbar.com,sansmealbar.com,shopify,,,cro_media,
https://sawyersmillinc.com,sawyersmillinc.com,shopify,,,cro_media,
https://schoolofpe.com,schoolofpe.com,shopify,,,cro_media,
https://sensonaturale.com,sensonaturale.com,shopify,,,cro_media,
https://sewhappyjane.com,sewhappyjane.com,shopify,,,cro_media,
https://shingora.net,shingora.net,shopify,,,cro_media,
https://shinisetsuhan.net,shinisetsuhan.net,shopify,,,cro_media,
https://shop.breathetogetheryoga.com,shop.breathetogetheryoga.com,shopify,,,cro_media,
https://shop.detailmode.com.au,shop.detailmode.com.au,shopify,,,cro_media,
https://shop.drinkgt.com,shop.drinkgt.com,shopify,,,cro_media,
https://shop.fatdaddios.com,shop.fatdaddios.com,shopify,,,cro_media,
https://shop.herbazest.com,shop.herbazest.com,shopify,,,cro_media,
https://shop.jackalopebrew.com,shop.jackalopebrew.com,shopify,,,cro_media,
https://shop.jjsmithonline.com,shop.jjsmithonline.com,shopify,,,cro_media,
https://shop.mamalehs.com,shop.mamalehs.com,shopify,,,cro_media,
https://shop.swp.de,shop.swp.de,shopify,,,cro_media,
https://shop.wblm.com,shop.wblm.com,shopify,,,cro_media,
https://shopgwbg.com,shopgwbg.com,shopify,,,cro_media,
https://shopvalija.com,shopvalija.com,shopify,,,cro_media,
https://silverbackgymwear.com,silverbackgymwear.com,shopify,,,cro_media,
https://simplynorthwest.com,simplynorthwest.com,shopify,,,cro_media,
https://simplysheabutters.com,simplysheabutters.com,shopify,,,cro_media,
https://sipsnackshop.com,sipsnackshop.com,shopify,,,cro_media,
https://smashbeautysupply.com,smashbeautysupply.com,shopify,,,cro_media,
https://soyamigo.com,soyamigo.com,shopify,,,cro_media,
https://spacepandadelta.com,spacepandadelta.com,shopify,,,cro_media,
https://spicentice.com,spicentice.com,shopify,,,cro_media,
https://spikeprague.cz,spikeprague.cz,shopify,,,cro_media,
https://spotteddogcompany.com,spotteddogcompany.com,shopify,,,cro_media,
https://stingsoccerstore.com,stingsoccerstore.com,shopify,,,cro_media,
https://store.kice.com,store.kice.com,shopify,,,cro_media,
https://stroodles.co.uk,stroodles.co.uk,shopify,,,cro_media,
https://succulentbarstore.com,succulentbarstore.com,shopify,,,cro_media,
https://sugarshape.de,sugarshape.de,shopify,,,cro_media,
https://sullivanshomedecor.com,sullivanshomedecor.com,shopify,,,cro_media,
https://superchillstore.com,superchillstore.com,shopify,,,cro_media,
https://superfoodandcompany.com,superfoodandcompany.com,shopify,,,cro_media,
https://superiorpecans.com,superiorpecans.com,shopify,,,cro_media,
https://sweetbath.co,sweetbath.co,shopify,,,cro_media,
https://sweetrepeats2.com,sweetrepeats2.com,shopify,,,cro_media,
https://tandy.co,tandy.co,shopify,,,cro_media,
https://tatanutrikorner.com,tatanutrikorner.com,shopify,,,cro_media,
https://telldus.com,telldus.com,shopify,,,cro_media,
https://thaicocousa.com,thaicocousa.com,shopify,,,cro_media,
https://thedollarbookswap.com,thedollarbookswap.com,shopify,,,cro_media,
https://thefreshfishshop.com,thefreshfishshop.com,shopify,,,cro_media,
https://thehappytummyco.com,thehappytummyco.com,shopify,,,cro_media,
https://thehealthfactory.in,thehealthfactory.in,shopify,,,cro_media,
https://theketoshop.co.uk,theketoshop.co.uk,shopify,,,cro_media,
https://themanlyminimalist.com,themanlyminimalist.com,shopify,,,cro_media,
https://thenaturalmama.org,thenaturalmama.org,shopify,,,cro_media,
https://thesassbar.com,thesassbar.com,shopify,,,cro_media,
https://thespiceway.com,thespiceway.com,shopify,,,cro_media,
https://tilzmart.com,tilzmart.com,shopify,,,cro_media,
https://tkees.com,tkees.com,shopify,,,cro_media,
https://torani.in,torani.in,shopify,,,cro_media,
https://totalbodyandcryo.com,totalbodyandcryo.com,shopify,,,cro_media,
https://trizie.com,trizie.com,shopify,,,cro_media,
https://tropiccolour.com,tropiccolour.com,shopify,,,cro_media,
https://truelycereal.com,truelycereal.com,shopify,,,cro_media,
https://twosomeproject.com,twosomeproject.com,shopify,,,cro_media,"
    
    {
      ""@type"": ""Question"",
      ""name"": ""How can I contact your agency?"",
      ""acceptedAnswer"": {
        ""@type"": ""Answer"",
        ""text"": ""You can reach our Shopify expert team through multiple channels. The most direct method is through our Contact page, where you can submit a detailed inquiry about your specific needs. We also offer live chat support during business hours (9am-6pm EST) and a free 30-minute consultation call through our online booking system.""
      }
    },
    
    {
      ""@type"": ""Question"",
      ""name"": ""What is the source of the Shopify stores list?"",
      ""acceptedAnswer"": {
        ""@type"": ""Answer"",
        ""text"": ""Our Shopify stores list is compiled from publicly available data sources across the internet. We employ advanced web scraping technologies and data verification processes to ensure accuracy and relevance. Each entry undergoes thorough validation before inclusion, making this one of the most reliable Shopify store directories available online.""
      }
    },
    
    {
      ""@type"": ""Question"",
      ""name"": ""How often is the Shopify stores list updated?"",
      ""acceptedAnswer"": {
        ""@type"": ""Answer"",
        ""text"": ""Our Shopify stores database receives daily updates via our automated system that continuously monitors the Shopify ecosystem. This regular refresh cycle ensures you always have access to the most current information about Shopify merchants.""
      }
    },
    
    {
      ""@type"": ""Question"",
      ""name"": ""Is the Shopify stores list free to access?"",
      ""acceptedAnswer"": {
        ""@type"": ""Answer"",
        ""text"": ""Yes, our extensive Shopify stores list is completely free to access without any registration requirements, paywalls, or hidden fees. We believe in democratizing access to valuable e-commerce information and making it available to entrepreneurs, researchers, marketers, and developers without financial barriers.""
      }
    },
    
    {
      ""@type"": ""Question"",
      ""name"": ""Can I download the Shopify stores list?"",
      ""acceptedAnswer"": {
        ""@type"": ""Answer"",
        ""text"": ""Currently, our Shopify stores directory is optimized for online browsing through our user-friendly interface that allows you to navigate through thousands of stores efficiently. While direct downloading of the entire database is not supported at this time, we've designed the platform to facilitate easy access to the information you need through advanced filtering and search capabilities.""
      }
    },
    
    {
      ""@type"": ""Question"",
      ""name"": ""How many Shopify stores are included in the list?"",
      ""acceptedAnswer"": {
        ""@type"": ""Answer"",
        ""text"": ""Our extensive directory currently features over 321,567+ verified Shopify stores and continues to expand daily as new merchants join the Shopify platform. The collection spans across diverse industries, geographic regions, and business sizes—from small startups to established enterprise brands. Each entry contains valuable metadata including domain information, store titles, and theme details.""
      }
    },
    
    {
      ""@type"": ""Question"",
      ""name"": ""How can I identify which theme a store is using?"",
      ""acceptedAnswer"": {
        ""@type"": ""Answer"",
        ""text"": ""You can use our Shopify Theme Detector tool to identify the theme used by any Shopify store. This free tool provides instant theme detection and detailed theme information.""
      }
    },
    
    {
      ""@type"": ""Question"",
      ""name"": ""Why should I choose your Shopify agency?"",
      ""acceptedAnswer"": {
        ""@type"": ""Answer"",
        ""text"": ""Our agency brings unparalleled expertise and proven results to the table, having successfully developed and optimized hundreds of high-performing Shopify stores across diverse industries. Our team consists of certified Shopify experts who stay ahead of the platform's continuous updates and best practices to deliver cutting-edge solutions.""
      }
    },
    
    {
      ""@type"": ""Question"",
      ""name"": ""How can your Shopify agency help my store?"",
      ""acceptedAnswer"": {
        ""@type"": ""Answer"",
        ""text"": ""We offer a comprehensive suite of optimization services designed to boost your performance metrics. Our CRO specialists implement data-backed improvements to your site architecture, checkout process, product page layouts, and mobile responsiveness.""
      }
    },
    
    {
      ""@type"": ""Question"",
      ""name"": ""What makes your agency different from others?"",
      ""acceptedAnswer"": {
        ""@type"": ""Answer"",
        ""text"": ""We specialize exclusively in Shopify, employing former Shopify employees and Plus certified developers who have collectively managed millions in ad spend. Our proprietary methodologies and custom tools for Shopify optimization deliver measurable results.""
      }
    },
    
    {
      ""@type"": ""Question"",
      ""name"": ""Can you help me get listed in the Shopify stores directory?"",
      ""acceptedAnswer"": {
        ""@type"": ""Answer"",
        ""text"": ""Yes, we implement strategies to help your store gain visibility through SEO audits, metadata optimization, and structured data implementation.""
      }
    },
    
    {
      ""@type"": ""Question"",
      ""name"": ""How can I get Shopify for $1?"",
      ""acceptedAnswer"": {
        ""@type"": ""Answer"",
        ""text"": ""Start your Shopify journey for just $1 through our exclusive partner program. This special promotional rate gives you complete access to Shopify's core features including professional themes, secure payment processing, and unlimited product listings. Get Shopify for $1.""
      }
    }
    
  "
https://unbelievabuns.com,unbelievabuns.com,shopify,,,cro_media,
https://unrooteddrinks.com,unrooteddrinks.com,shopify,,,cro_media,
https://urthbox.com,urthbox.com,shopify,,,cro_media,
https://us.pranachai.com,us.pranachai.com,shopify,,,cro_media,
https://us.thebeautychef.com,us.thebeautychef.com,shopify,,,cro_media,
https://usasports.co.uk,usasports.co.uk,shopify,,,cro_media,
https://uzum.ca,uzum.ca,shopify,,,cro_media,
https://valentinobelgium.com,valentinobelgium.com,shopify,,,cro_media,
https://vuoriclothing.de,vuoriclothing.de,shopify,,,cro_media,
https://wakershappycoffee.com,wakershappycoffee.com,shopify,,,cro_media,
https://whiskeyleatherworks.com,whiskeyleatherworks.com,shopify,,,cro_media,
https://wholemealcafe.co.nz,wholemealcafe.co.nz,shopify,,,cro_media,
https://wholesale.nutricost.com,wholesale.nutricost.com,shopify,,,cro_media,
https://wighttea.com,wighttea.com,shopify,,,cro_media,
https://wowhydrate.com,wowhydrate.com,shopify,,,cro_media,
https://xprsnutra.com,xprsnutra.com,shopify,,,cro_media,
https://yosekastationery.com,yosekastationery.com,shopify,,,cro_media,
https://zonealpha.in,zonealpha.in,shopify,,,cro_media,
