domain,source
1000voltemegliopublishing.com,reverse_ip_shopify
100carati.com,reverse_ip_shopify
10days.be,reverse_ip_shopify
180andup.com,reverse_ip_shopify
1picasso100euros.com,reverse_ip_shopify
1sourcebpo.ai,reverse_ip_shopify
21-place.com,reverse_ip_shopify
2fwww.sacredsex.com.bo,reverse_ip_shopify
2shop.ai,reverse_ip_shopify
33vibes.ai,reverse_ip_shopify
360compliance.ai,reverse_ip_shopify
44gin.com,reverse_ip_shopify
4kcinema.ai,reverse_ip_shopify
4tunelab.com,reverse_ip_shopify
5tateofmind.com,reverse_ip_shopify
7bucksapop.com,reverse_ip_shopify
7even.africa,reverse_ip_shopify
a.martinamarien.ca,reverse_ip_shopify
a2mor.ai,reverse_ip_shopify
a65.ai,reverse_ip_shopify
aateeq.ae,reverse_ip_shopify
absolutezero.ae,reverse_ip_shopify
account.cemarose.com,reverse_ip_shopify
acelith.com,reverse_ip_shopify
achedaway.com,reverse_ip_shopify
adam-eve.com.au,reverse_ip_shopify
adlergrier.com,reverse_ip_shopify
admentor.agency,reverse_ip_shopify
adset.ai,reverse_ip_shopify
adulttechs.com,reverse_ip_shopify
adyastore.com,reverse_ip_shopify
aeons.agency,reverse_ip_shopify
aerocrafted.com,reverse_ip_shopify
aesthetehome.ae,reverse_ip_shopify
afrogeek.africa,reverse_ip_shopify
agapehemp.com,reverse_ip_shopify
ageliss.ai,reverse_ip_shopify
agencia369.agency,reverse_ip_shopify
agentsavanna.ai,reverse_ip_shopify
aiatelier.ai,reverse_ip_shopify
aienergydrink.ai,reverse_ip_shopify
aiplaybook.agency,reverse_ip_shopify
aiplaybooks.ai,reverse_ip_shopify
aituition.ai,reverse_ip_shopify
aivituvin.com,reverse_ip_shopify
aixverse.ai,reverse_ip_shopify
akino.ai,reverse_ip_shopify
aklanda.com.au,reverse_ip_shopify
alabqary.ae,reverse_ip_shopify
alapuerta.com.ar,reverse_ip_shopify
alardsaudi.com,reverse_ip_shopify
albertacasters.com,reverse_ip_shopify
alexgenx.ac,reverse_ip_shopify
algnd.agency,reverse_ip_shopify
alisarinaldi.com,reverse_ip_shopify
allaboutme.africa,reverse_ip_shopify
allpointseastapparel.com,reverse_ip_shopify
allthingseffy.com,reverse_ip_shopify
allurehomefragrance.com,reverse_ip_shopify
allures.ai,reverse_ip_shopify
alpargatauris.ae,reverse_ip_shopify
alstudia.ai,reverse_ip_shopify
altawash.ae,reverse_ip_shopify
alterego-games.com,reverse_ip_shopify
amatusmemorials.com,reverse_ip_shopify
amenstyle.com,reverse_ip_shopify
amepure.ae,reverse_ip_shopify
americansale.com,reverse_ip_shopify
americansfordoge.com,reverse_ip_shopify
americascreditjeweler.com,reverse_ip_shopify
americasgoldenage.ai,reverse_ip_shopify
amici.agency,reverse_ip_shopify
ammaofficial.com,reverse_ip_shopify
amrstore.com,reverse_ip_shopify
amsellem.ca,reverse_ip_shopify
anaholagranola.com,reverse_ip_shopify
anatomyeight.com,reverse_ip_shopify
angelskids.ae,reverse_ip_shopify
angloitalian.com,reverse_ip_shopify
anielina.com,reverse_ip_shopify
anna-kaci.com,reverse_ip_shopify
annelor.be,reverse_ip_shopify
annesportun.com,reverse_ip_shopify
anniemakescakes.com.au,reverse_ip_shopify
anonyms.africa,reverse_ip_shopify
answers.fashionablehats.com,reverse_ip_shopify
antibodymall.com,reverse_ip_shopify
antichic.com,reverse_ip_shopify
antiochstore.com,reverse_ip_shopify
antlionaudio.com,reverse_ip_shopify
anypin.ai,reverse_ip_shopify
aon123.com,reverse_ip_shopify
apeman.ai,reverse_ip_shopify
apexa.agency,reverse_ip_shopify
apostle.agency,reverse_ip_shopify
appsflow.ai,reverse_ip_shopify
aquapro.ai,reverse_ip_shopify
area51.aero,reverse_ip_shopify
arearugshop.ca,reverse_ip_shopify
arktisai.ai,reverse_ip_shopify
armaf.ae,reverse_ip_shopify
aroasis.ai,reverse_ip_shopify
art-line.academy,reverse_ip_shopify
artemirate.ae,reverse_ip_shopify
artify.agency,reverse_ip_shopify
artisansofny.com,reverse_ip_shopify
artizanation.ae,reverse_ip_shopify
arttoo.ai,reverse_ip_shopify
ashes.ai,reverse_ip_shopify
ashutoshpande.com,reverse_ip_shopify
asiabellydance.academy,reverse_ip_shopify
asorholding.agency,reverse_ip_shopify
asparagus-soap.com,reverse_ip_shopify
asport.ai,reverse_ip_shopify
astar.ai,reverse_ip_shopify
astitchintime.org.au,reverse_ip_shopify
astro-sky.com,reverse_ip_shopify
atelierdelladanzamp.com,reverse_ip_shopify
atozbotanicals.com,reverse_ip_shopify
au.2undr.com,reverse_ip_shopify
au.bond-eye.com,reverse_ip_shopify
auralis.agency,reverse_ip_shopify
aurashop.africa,reverse_ip_shopify
aust-n-rail.com.au,reverse_ip_shopify
autoconfig.faces-india.com,reverse_ip_shopify
autodiscover.eaden.com.au,reverse_ip_shopify
autodiscover.faces-india.com,reverse_ip_shopify
autofamily.ae,reverse_ip_shopify
azra.ae,reverse_ip_shopify
b-safe.ae,reverse_ip_shopify
b2b-en.blackroll.com,reverse_ip_shopify
b2b.crislu.com,reverse_ip_shopify
babiators-uk.com,reverse_ip_shopify
baby-g.shriro.com.au,reverse_ip_shopify
babyg.shriro.com.au,reverse_ip_shopify
babylife.ae,reverse_ip_shopify
babylonia.ag,reverse_ip_shopify
babymoob2b.com,reverse_ip_shopify
babymori.com,reverse_ip_shopify
baggie.com.au,reverse_ip_shopify
bahara.ae,reverse_ip_shopify
baia30remi.com,reverse_ip_shopify
baindemer.ae,reverse_ip_shopify
bakemixes.com.au,reverse_ip_shopify
bambootaly.com,reverse_ip_shopify
barbabrasil.com,reverse_ip_shopify
barefootshoes.africa,reverse_ip_shopify
bariomarketing.agency,reverse_ip_shopify
barkavenuebakery.com,reverse_ip_shopify
barometersandclocks.com,reverse_ip_shopify
baroni-firenze.com,reverse_ip_shopify
batterycontroller.com.au,reverse_ip_shopify
bauerfeind-sports.ae,reverse_ip_shopify
bauerfeind.ae,reverse_ip_shopify
bayt.englease.com,reverse_ip_shopify
bcseedbank.myshopify.com,reverse_ip_shopify
beachcity.ae,reverse_ip_shopify
beautyonwheels.ae,reverse_ip_shopify
becomingthebeast.academy,reverse_ip_shopify
behidadolic.com,reverse_ip_shopify
belezabrasileira.com.br,reverse_ip_shopify
belezabrasiliana.com.br,reverse_ip_shopify
bellabubear.ae,reverse_ip_shopify
bellonisrl.com,reverse_ip_shopify
belovedgioielli.com,reverse_ip_shopify
benedettaboroli.com,reverse_ip_shopify
bestbuddies.ae,reverse_ip_shopify
bestprice.agency,reverse_ip_shopify
beta.eaden.com.au,reverse_ip_shopify
betterflowers.ae,reverse_ip_shopify
beyourownboss.africa,reverse_ip_shopify
bhavastudio.com,reverse_ip_shopify
biasagroup.com,reverse_ip_shopify
bigheartsdigital.agency,reverse_ip_shopify
binario09.com,reverse_ip_shopify
bioenno.com,reverse_ip_shopify
biohealing.au,reverse_ip_shopify
biscottilicious.com,reverse_ip_shopify
bisoncoolers.com,reverse_ip_shopify
bisoumemoire.com,reverse_ip_shopify
bizdepot.agency,reverse_ip_shopify
bizzelluxuryboutique.com,reverse_ip_shopify
bizzyboostr.agency,reverse_ip_shopify
blackandnobel.com,reverse_ip_shopify
blakchildproject.africa,reverse_ip_shopify
blakeida.com,reverse_ip_shopify
blastedskin.com,reverse_ip_shopify
blckhat.agency,reverse_ip_shopify
blemboard.com,reverse_ip_shopify
bliitz.agency,reverse_ip_shopify
blisscollection.ae,reverse_ip_shopify
blontea.com,reverse_ip_shopify
bloomr.ae,reverse_ip_shopify
blossomandlove.com,reverse_ip_shopify
blue-moon.africa,reverse_ip_shopify
bluedoor.agency,reverse_ip_shopify
bluemarlinroma.com,reverse_ip_shopify
blueofakind.com,reverse_ip_shopify
bluepearl2022.ae,reverse_ip_shopify
bohemianvi.com,reverse_ip_shopify
bonebroth.ae,reverse_ip_shopify
boomkiddiesworld.com,reverse_ip_shopify
boostwizard.agency,reverse_ip_shopify
boots.ae,reverse_ip_shopify
bountifulbulbs.africa,reverse_ip_shopify
bowlpros.com,reverse_ip_shopify
boxd.agency,reverse_ip_shopify
bronsonshop.com,reverse_ip_shopify
brunoacampora.com,reverse_ip_shopify
brunopremi.com,reverse_ip_shopify
brutish.agency,reverse_ip_shopify
burgertokens.com,reverse_ip_shopify
butchershop.ae,reverse_ip_shopify
buyambo.africa,reverse_ip_shopify
bvr.aero,reverse_ip_shopify
byh.ae,reverse_ip_shopify
ca.2undr.com,reverse_ip_shopify
cactico.com,reverse_ip_shopify
caffeangioino.com,reverse_ip_shopify
callula.agency,reverse_ip_shopify
campomarzio-lb.com,reverse_ip_shopify
canonwala.com,reverse_ip_shopify
cap-z.com.au,reverse_ip_shopify
capitalgolf.academy,reverse_ip_shopify
caramellina.com,reverse_ip_shopify
carbosmile.com,reverse_ip_shopify
casamefyto.com,reverse_ip_shopify
casparcuriosities.com,reverse_ip_shopify
cassona.com,reverse_ip_shopify
castellibags.com,reverse_ip_shopify
castpreneurs.agency,reverse_ip_shopify
catapultgroup.agency,reverse_ip_shopify
caterworx.com.au,reverse_ip_shopify
catholicproductions.com,reverse_ip_shopify
caviarkaspia.com,reverse_ip_shopify
cbd.af,reverse_ip_shopify
cellreturn.africa,reverse_ip_shopify
cellzgenix.com,reverse_ip_shopify
celzgenix.com,reverse_ip_shopify
cemarose.myshopify.com,reverse_ip_shopify
changeassociates.ae,reverse_ip_shopify
chantingpines.com,reverse_ip_shopify
chateaulafoux.com,reverse_ip_shopify
chef.actor,reverse_ip_shopify
cherrichella.com.au,reverse_ip_shopify
chibichopshop.com,reverse_ip_shopify
chidoriyaworld.com,reverse_ip_shopify
chigee.ae,reverse_ip_shopify
chillbo.com,reverse_ip_shopify
chinesecarparts.ae,reverse_ip_shopify
chinobling.com,reverse_ip_shopify
chrismakesart.com,reverse_ip_shopify
christianmensnetwork.com,reverse_ip_shopify
citron.ae,reverse_ip_shopify
citykidsclothing.com,reverse_ip_shopify
clanupstairs.com,reverse_ip_shopify
clarici1874.com,reverse_ip_shopify
classic-art.ch,reverse_ip_shopify
classicart.ch,reverse_ip_shopify
classicfurniture.ae,reverse_ip_shopify
classicoffer.club,reverse_ip_shopify
cleanlivingcompany.ae,reverse_ip_shopify
clearcollective.com,reverse_ip_shopify
clickcartcentral.com,reverse_ip_shopify
climatechangecollection.com,reverse_ip_shopify
cloez.com,reverse_ip_shopify
cloth.agency,reverse_ip_shopify
cmarteauceramics.com,reverse_ip_shopify
cncpts.ae,reverse_ip_shopify
coastalfishing.com,reverse_ip_shopify
coastalvibe.adult,reverse_ip_shopify
cocoaclubclothing.com,reverse_ip_shopify
codengine.academy,reverse_ip_shopify
coffeehouse.agency,reverse_ip_shopify
cole.africa,reverse_ip_shopify
colheitas.com,reverse_ip_shopify
collajams.com,reverse_ip_shopify
contentbank.agency,reverse_ip_shopify
coremelt.com,reverse_ip_shopify
cosmocosmetics.ae,reverse_ip_shopify
cosmonaut.ac,reverse_ip_shopify
cosmoprofessional.ae,reverse_ip_shopify
cottonhome.ae,reverse_ip_shopify
countrysaltapparel.com,reverse_ip_shopify
covenantjewelry.com,reverse_ip_shopify
cpanel.albertacasters.com,reverse_ip_shopify
cpanel.eaden.com.au,reverse_ip_shopify
cpanel.rzist.ae,reverse_ip_shopify
cratus.cl,reverse_ip_shopify
creativedesigns.agency,reverse_ip_shopify
creatorhub.academy,reverse_ip_shopify
crioterapia.com,reverse_ip_shopify
critterboutique.com,reverse_ip_shopify
crm-line.com,reverse_ip_shopify
crystal.ac,reverse_ip_shopify
crystalheavenjewellery.com,reverse_ip_shopify
ctrlc.agency,reverse_ip_shopify
ctx.agency,reverse_ip_shopify
cupcleaner.africa,reverse_ip_shopify
cyclebrewing.com,reverse_ip_shopify
d1milano.com,reverse_ip_shopify
daddario.com.au,reverse_ip_shopify
daddytravel.agency,reverse_ip_shopify
daelenforge.com,reverse_ip_shopify
damalefood.com,reverse_ip_shopify
danagus.cl,reverse_ip_shopify
danntech.com,reverse_ip_shopify
danottijewelry.com,reverse_ip_shopify
dappergentscollection.com,reverse_ip_shopify
dappertastic.ae,reverse_ip_shopify
darlingandgold.com,reverse_ip_shopify
davesdeals.com.au,reverse_ip_shopify
dbbelts.com,reverse_ip_shopify
de-productions.com,reverse_ip_shopify
de.batterycontroller.com,reverse_ip_shopify
debayn.com,reverse_ip_shopify
decordramatic.com,reverse_ip_shopify
defrule.com,reverse_ip_shopify
degliubertistore.com,reverse_ip_shopify
deinhut.com,reverse_ip_shopify
deltaplastikusa.com,reverse_ip_shopify
deluxepieces.com,reverse_ip_shopify
denstoj.com.au,reverse_ip_shopify
derangeddesigns.com,reverse_ip_shopify
dermalumae-store.com,reverse_ip_shopify
dermilux.ca,reverse_ip_shopify
dermlite.com,reverse_ip_shopify
designsource-intl.com,reverse_ip_shopify
dianashawl.com,reverse_ip_shopify
dicreator.agency,reverse_ip_shopify
dieci.africa,reverse_ip_shopify
dieeinmacherin.at,reverse_ip_shopify
diff.agency,reverse_ip_shopify
digitalgold.agency,reverse_ip_shopify
digitalmarkiting.agency,reverse_ip_shopify
digitalplanner.agency,reverse_ip_shopify
dillandjord.com,reverse_ip_shopify
directhardware.com.au,reverse_ip_shopify
dirtbag.af,reverse_ip_shopify
discus.ae,reverse_ip_shopify
distinctivemerch.com,reverse_ip_shopify
djokstore.ci,reverse_ip_shopify
dk.2undr.com,reverse_ip_shopify
dllee.com,reverse_ip_shopify
dog-travel-beds.com,reverse_ip_shopify
dolceterra.com,reverse_ip_shopify
doodle.ac,reverse_ip_shopify
doomexstudio.agency,reverse_ip_shopify
dplusforcare.com,reverse_ip_shopify
dragonmaster.ae,reverse_ip_shopify
drapenn.com,reverse_ip_shopify
dreamiest.agency,reverse_ip_shopify
dressai.com,reverse_ip_shopify
drippempire.com,reverse_ip_shopify
dronee.aero,reverse_ip_shopify
dropmitra.agency,reverse_ip_shopify
druck-guru.at,reverse_ip_shopify
dubaichocolate.ae,reverse_ip_shopify
dubaishoponline.ae,reverse_ip_shopify
dubara.agency,reverse_ip_shopify
duckhead.com,reverse_ip_shopify
dudu.agency,reverse_ip_shopify
e-storeessentials.com,reverse_ip_shopify
eaden.com.au,reverse_ip_shopify
eaden.eaden.com.au,reverse_ip_shopify
eadensleepwear.eaden.com.au,reverse_ip_shopify
eadensleepwearcom.eaden.com.au,reverse_ip_shopify
eadensleepwearnetau.eaden.com.au,reverse_ip_shopify
earth2jane.com,reverse_ip_shopify
earthlyorganica.com,reverse_ip_shopify
easilocks.com,reverse_ip_shopify
eastcoastcatalog.com,reverse_ip_shopify
easy-digital.agency,reverse_ip_shopify
easyby.agency,reverse_ip_shopify
easytiger.academy,reverse_ip_shopify
eccstruders.com,reverse_ip_shopify
echic.au,reverse_ip_shopify
ecobee.ae,reverse_ip_shopify
edenzhydro.com,reverse_ip_shopify
edexdeals.com,reverse_ip_shopify
edwardsjewelryimports.com,reverse_ip_shopify
ee.2fwww.sacredsex.com.bo,reverse_ip_shopify
elegant.africa,reverse_ip_shopify
elegantflowers.ae,reverse_ip_shopify
elevationcoffeeco.com,reverse_ip_shopify
elivizza.com,reverse_ip_shopify
elizawiora.com,reverse_ip_shopify
ellegancedeluxe.com,reverse_ip_shopify
elviozanon.com,reverse_ip_shopify
emergent-games.com,reverse_ip_shopify
emiliafoodlove.com,reverse_ip_shopify
emo-bikes.com,reverse_ip_shopify
emporiodiantonio.com,reverse_ip_shopify
emporiosirenuse.com,reverse_ip_shopify
emptyplate.co,reverse_ip_shopify
en.keds.be,reverse_ip_shopify
en.smallrig.ae,reverse_ip_shopify
enchantedfinejewelry.com,reverse_ip_shopify
envitawellness.com,reverse_ip_shopify
epalacebeauty.com,reverse_ip_shopify
eqcustom.com,reverse_ip_shopify
equibotanics.com,reverse_ip_shopify
ergothrone.com,reverse_ip_shopify
ermesdance.com,reverse_ip_shopify
es.batterycontroller.com,reverse_ip_shopify
es.innovategroup.agency,reverse_ip_shopify
escoacorrere.academy,reverse_ip_shopify
eskuribarefoot.africa,reverse_ip_shopify
estiarapassion.ae,reverse_ip_shopify
estilo.ae,reverse_ip_shopify
estore.flexxon.com,reverse_ip_shopify
etsify.agency,reverse_ip_shopify
eu.craftdlondon.com,reverse_ip_shopify
ewigholz.ch,reverse_ip_shopify
example2025.com,reverse_ip_shopify
eyebobs.com,reverse_ip_shopify
eyesi-mvmnt.com,reverse_ip_shopify
fabiana-oliveira.com,reverse_ip_shopify
fabricationsottawa.com,reverse_ip_shopify
facehalo.com.au,reverse_ip_shopify
faces-india.com,reverse_ip_shopify
factoryri.com,reverse_ip_shopify
fadano.ae,reverse_ip_shopify
faithlets.com,reverse_ip_shopify
farmaciasanclemente.com,reverse_ip_shopify
fashionnova.com.ag,reverse_ip_shopify
fastpitch.agency,reverse_ip_shopify
feelitstore.com,reverse_ip_shopify
feeya.ae,reverse_ip_shopify
fengshuieon.com,reverse_ip_shopify
fenziswim.com,reverse_ip_shopify
fferronedesign.com,reverse_ip_shopify
fierce.ae,reverse_ip_shopify
fiftyfiftybottles.com,reverse_ip_shopify
firchfabworks.com,reverse_ip_shopify
firepit.ae,reverse_ip_shopify
firma.ae,reverse_ip_shopify
fishirt.com,reverse_ip_shopify
flaminghoophotsauce.com,reverse_ip_shopify
flavourblaster.com,reverse_ip_shopify
fleurofengland.com,reverse_ip_shopify
flexiafrica.ae,reverse_ip_shopify
flexico.com.au,reverse_ip_shopify
flexiroam.africa,reverse_ip_shopify
flintfresh.com,reverse_ip_shopify
flip-flop-originals.at,reverse_ip_shopify
flip-flop-originals.ch,reverse_ip_shopify
flip-flop-originals.com,reverse_ip_shopify
flip-flop.at,reverse_ip_shopify
flip-flop.cn,reverse_ip_shopify
floralpalace.com.au,reverse_ip_shopify
florette.ae,reverse_ip_shopify
floridarealty.agency,reverse_ip_shopify
florinarte.com,reverse_ip_shopify
flowers.ae,reverse_ip_shopify
flowfit.ae,reverse_ip_shopify
fluxworks.agency,reverse_ip_shopify
flyshop.aero,reverse_ip_shopify
fonezone.ae,reverse_ip_shopify
foodexpress.agency,reverse_ip_shopify
foodiverse.ae,reverse_ip_shopify
forcesofnaturemedicine.com,reverse_ip_shopify
foreverimprintjewellery.ae,reverse_ip_shopify
fourwindsgrowers.com,reverse_ip_shopify
fp-steelplast.com,reverse_ip_shopify
fr.batterycontroller.com,reverse_ip_shopify
fr.keds.be,reverse_ip_shopify
frame19.agency,reverse_ip_shopify
ftp.benedettaboroli.com,reverse_ip_shopify
ftp.blackandnobel.com,reverse_ip_shopify
ftp.blueofakind.com,reverse_ip_shopify
ftp.chillbo.com,reverse_ip_shopify
ftp.clanupstairs.com,reverse_ip_shopify
ftp.dbbelts.com,reverse_ip_shopify
ftp.districteight.com,reverse_ip_shopify
ftp.dplusforcare.com,reverse_ip_shopify
ftp.edenzhydro.com,reverse_ip_shopify
ftp.elviozanon.com,reverse_ip_shopify
ftp.eyebobs.com,reverse_ip_shopify
ftp.foreyescontacts.com,reverse_ip_shopify
ftp.moodjuwelier.ch,reverse_ip_shopify
ftp.wholesale.uniquemuscle.com.au,reverse_ip_shopify
fumo.agency,reverse_ip_shopify
furnify.agency,reverse_ip_shopify
furniture.agency,reverse_ip_shopify
gardenorganics.com.au,reverse_ip_shopify
gearsupply.com.au,reverse_ip_shopify
georgerosevear.accountants,reverse_ip_shopify
getfar.agency,reverse_ip_shopify
geyastore.com,reverse_ip_shopify
gf.academy,reverse_ip_shopify
giago.au,reverse_ip_shopify
glm.academy,reverse_ip_shopify
glowgetters.ae,reverse_ip_shopify
goldenecom.agency,reverse_ip_shopify
goodsubscription.agency,reverse_ip_shopify
goodyb.ag,reverse_ip_shopify
grabeh.ae,reverse_ip_shopify
grandeur.africa,reverse_ip_shopify
greenery.ag,reverse_ip_shopify
growpro.agency,reverse_ip_shopify
growthfuel.agency,reverse_ip_shopify
gshock.shriro.com.au,reverse_ip_shopify
habs.ae,reverse_ip_shopify
hairclinic.ae,reverse_ip_shopify
hamidi.ae,reverse_ip_shopify
handy.com.ag,reverse_ip_shopify
happypets.ae,reverse_ip_shopify
hardware.aero,reverse_ip_shopify
harib.ae,reverse_ip_shopify
harklinikken.ae,reverse_ip_shopify
hayabusafight.ae,reverse_ip_shopify
healisation.com.au,reverse_ip_shopify
healization.com.au,reverse_ip_shopify
heavenlyflower.ae,reverse_ip_shopify
heymarly.ae,reverse_ip_shopify
hidratei.com.br,reverse_ip_shopify
hispanolab.academy,reverse_ip_shopify
hof.ae,reverse_ip_shopify
homeappliances.agency,reverse_ip_shopify
homehaven.africa,reverse_ip_shopify
homesleephomefurniture.ae,reverse_ip_shopify
hometeam.agency,reverse_ip_shopify
host.coremelt.com,reverse_ip_shopify
hostmaster.deinhut.com,reverse_ip_shopify
hostmaster.eaden.com.au,reverse_ip_shopify
houseofcoin.ae,reverse_ip_shopify
iajuris.agency,reverse_ip_shopify
iban-sultan.com,reverse_ip_shopify
icon.com.ag,reverse_ip_shopify
idealmoda.app,reverse_ip_shopify
ignite.co,reverse_ip_shopify
ignitecannnabis.myshopify.com,reverse_ip_shopify
ignitedelivery.co,reverse_ip_shopify
ignitedistribution.co,reverse_ip_shopify
ilovegrowingmarijuana.myshopify.com,reverse_ip_shopify
imluke.agency,reverse_ip_shopify
imma.agency,reverse_ip_shopify
innovategroup.agency,reverse_ip_shopify
inventory.bcit.ca,reverse_ip_shopify
iqosheet-uae.ae,reverse_ip_shopify
iqosheets-uae.ae,reverse_ip_shopify
iqosheets.ae,reverse_ip_shopify
iqosilumaterea.ae,reverse_ip_shopify
irasema.co,reverse_ip_shopify
it.batterycontroller.com.au,reverse_ip_shopify
it.flanella.com,reverse_ip_shopify
italianluxurygroup.ae,reverse_ip_shopify
jacoblittle.com.au,reverse_ip_shopify
joule.agency,reverse_ip_shopify
jourhuit.agency,reverse_ip_shopify
jude.academy,reverse_ip_shopify
juni.ae,reverse_ip_shopify
jupitergrass.ca,reverse_ip_shopify
jupitergrass.myshopify.com,reverse_ip_shopify
justwilliamssales.academy,reverse_ip_shopify
juve.ae,reverse_ip_shopify
kaf.co.ae,reverse_ip_shopify
kakoo.com.au,reverse_ip_shopify
kanaantoys.ae,reverse_ip_shopify
kappelandpartner.ae,reverse_ip_shopify
kashkha.ae,reverse_ip_shopify
keds.at,reverse_ip_shopify
keds.be,reverse_ip_shopify
kernoel-niederl.at,reverse_ip_shopify
khatat.ae,reverse_ip_shopify
khoki.africa,reverse_ip_shopify
kicks.africa,reverse_ip_shopify
kiffyz.ae,reverse_ip_shopify
kimmerkatz.com.au,reverse_ip_shopify
kisu.africa,reverse_ip_shopify
kleidung.africa,reverse_ip_shopify
klejn.agency,reverse_ip_shopify
klink.ae,reverse_ip_shopify
knarly.com.au,reverse_ip_shopify
knife-depot.com,reverse_ip_shopify
kojicards.com.br,reverse_ip_shopify
konsens.cl,reverse_ip_shopify
koreanskin.ro,reverse_ip_shopify
kyanite.ae,reverse_ip_shopify
laboiteduchef.ca,reverse_ip_shopify
lacarne.ae,reverse_ip_shopify
ladypaua.com.au,reverse_ip_shopify
lafif-fabrics.ae,reverse_ip_shopify
lamarvel.ae,reverse_ip_shopify
langland.academy,reverse_ip_shopify
lapaperpassion.com.au,reverse_ip_shopify
lawfullondon.ae,reverse_ip_shopify
lea.ba,reverse_ip_shopify
learn.englease.com,reverse_ip_shopify
lesgastronomes.ae,reverse_ip_shopify
lessgroup.ca,reverse_ip_shopify
lifebydesign.academy,reverse_ip_shopify
ligamen.agency,reverse_ip_shopify
lilacstudio.ae,reverse_ip_shopify
linenobsession.ae,reverse_ip_shopify
lisazanderigo.net.au,reverse_ip_shopify
littlebundles.ae,reverse_ip_shopify
littletails.art,reverse_ip_shopify
littletailsbyhunter.art,reverse_ip_shopify
liveclothing.ae,reverse_ip_shopify
ljubim.ac,reverse_ip_shopify
lollipops.agency,reverse_ip_shopify
looran.agency,reverse_ip_shopify
lootahperfumes.ae,reverse_ip_shopify
loqtah.ae,reverse_ip_shopify
lotextile.ae,reverse_ip_shopify
lovisa.africa,reverse_ip_shopify
lukeluke.agency,reverse_ip_shopify
luluandangel.com.au,reverse_ip_shopify
lumea.com.ag,reverse_ip_shopify
luminaweb.agency,reverse_ip_shopify
lunasscrapbookingsupplies.com.au,reverse_ip_shopify
lunea.com.ag,reverse_ip_shopify
luxurist.ae,reverse_ip_shopify
machoman.agency,reverse_ip_shopify
madamglam.academy,reverse_ip_shopify
mail.baifulinmen.com,reverse_ip_shopify
mainframemedia.agency,reverse_ip_shopify
mallika.ae,reverse_ip_shopify
mamikids.cl,reverse_ip_shopify
mangiobevo.ch,reverse_ip_shopify
mangoo.agency,reverse_ip_shopify
marchenuvo.ca,reverse_ip_shopify
marshmallowclub.com.au,reverse_ip_shopify
masculine.com.bd,reverse_ip_shopify
masteryjewellery.ae,reverse_ip_shopify
mefyto.com.br,reverse_ip_shopify
meloria.fr,reverse_ip_shopify
meta-edu.academy,reverse_ip_shopify
miccys.ae,reverse_ip_shopify
microshop.ae,reverse_ip_shopify
mifo.ae,reverse_ip_shopify
minimalist.ae,reverse_ip_shopify
mmafightshop.ae,reverse_ip_shopify
mmbunkershop.com,reverse_ip_shopify
monsterrabbit.ae,reverse_ip_shopify
moodjuwelier.ch,reverse_ip_shopify
moon-shot.ac,reverse_ip_shopify
moonrise.agency,reverse_ip_shopify
moredent.com.au,reverse_ip_shopify
moredesigns.com.au,reverse_ip_shopify
morethanmatcha.co,reverse_ip_shopify
mote.agency,reverse_ip_shopify
motherhoodcanada.ca,reverse_ip_shopify
mountainbuggy.ae,reverse_ip_shopify
mountyn.co,reverse_ip_shopify
mreach.agency,reverse_ip_shopify
mtank.agency,reverse_ip_shopify
mugo.agency,reverse_ip_shopify
mummi.com.au,reverse_ip_shopify
muvinai.agency,reverse_ip_shopify
mvu.ae,reverse_ip_shopify
my.xround.co,reverse_ip_shopify
myangle.agency,reverse_ip_shopify
myanime.academy,reverse_ip_shopify
myowndesign.ca,reverse_ip_shopify
mypets.agency,reverse_ip_shopify
naledijewelry.africa,reverse_ip_shopify
namebrand.africa,reverse_ip_shopify
naturally.africa,reverse_ip_shopify
nbnas.com.au,reverse_ip_shopify
nepalipasal.com.au,reverse_ip_shopify
nexeliomarketing.agency,reverse_ip_shopify
noamkroll.academy,reverse_ip_shopify
novacannabisstore.com,reverse_ip_shopify
novanta.agency,reverse_ip_shopify
novavision.agency,reverse_ip_shopify
npscommercialfurniture.com.au,reverse_ip_shopify
npscorporate.com.au,reverse_ip_shopify
nsfw.agency,reverse_ip_shopify
nussbag.at,reverse_ip_shopify
nuvora-ecommerce.agency,reverse_ip_shopify
oakpeak.com.br,reverse_ip_shopify
odele.ae,reverse_ip_shopify
ofertaspireneus.com.br,reverse_ip_shopify
okholistics.myshopify.com,reverse_ip_shopify
olivesetfigues.ae,reverse_ip_shopify
onesports.ae,reverse_ip_shopify
onestopchillishop.ae,reverse_ip_shopify
onlinefreebies.africa,reverse_ip_shopify
onlinestore.agency,reverse_ip_shopify
onlytheblind.ae,reverse_ip_shopify
optica.africa,reverse_ip_shopify
opticalimage.ca,reverse_ip_shopify
optishokz.be,reverse_ip_shopify
organicmuse.africa,reverse_ip_shopify
partnersincreation.agency,reverse_ip_shopify
partymonster.ae,reverse_ip_shopify
partyzone.ae,reverse_ip_shopify
pawsandrelax.ae,reverse_ip_shopify
pca.aero,reverse_ip_shopify
pdta.academy,reverse_ip_shopify
peacefulliving.academy,reverse_ip_shopify
peaq.academy,reverse_ip_shopify
penoblo.ae,reverse_ip_shopify
petalpop.ae,reverse_ip_shopify
peterwallacepottery.com.au,reverse_ip_shopify
petitbonbon.be,reverse_ip_shopify
petsyonline.myshopify.com,reverse_ip_shopify
philandteds.ae,reverse_ip_shopify
pickaparty.ae,reverse_ip_shopify
pioneerplastics.africa,reverse_ip_shopify
pixelbloom.agency,reverse_ip_shopify
pixelman.agency,reverse_ip_shopify
planetree.com.au,reverse_ip_shopify
planetreestudio.com.au,reverse_ip_shopify
plantstudio.ae,reverse_ip_shopify
platinumkaraoke.ae,reverse_ip_shopify
posters.ae,reverse_ip_shopify
primeleadsmedia.agency,reverse_ip_shopify
princessandthepeaprops.com.au,reverse_ip_shopify
printingoffers.ae,reverse_ip_shopify
produtgy.com.br,reverse_ip_shopify
prolon.ae,reverse_ip_shopify
provantagesolution-marketing.agency,reverse_ip_shopify
puddinglady.com.au,reverse_ip_shopify
purecrops.ag,reverse_ip_shopify
qualityfood.ae,reverse_ip_shopify
raceface.de,reverse_ip_shopify
radroller.ae,reverse_ip_shopify
rajay.aero,reverse_ip_shopify
ravog.ac,reverse_ip_shopify
rawcoffee.ae,reverse_ip_shopify
realise.agency,reverse_ip_shopify
recovapro.ae,reverse_ip_shopify
renewed.ae,reverse_ip_shopify
renodigitalmarketing.agency,reverse_ip_shopify
representedby.agency,reverse_ip_shopify
reveel-skincare.blog,reverse_ip_shopify
risala.ae,reverse_ip_shopify
rocketdigital.agency,reverse_ip_shopify
rooftophoney.com.au,reverse_ip_shopify
root.com.ag,reverse_ip_shopify
rosebaie.ae,reverse_ip_shopify
royalgardencentre.ae,reverse_ip_shopify
rtxwheels.ca,reverse_ip_shopify
ruffneckscarves.ca,reverse_ip_shopify
ruhtra.agency,reverse_ip_shopify
rumi.ae,reverse_ip_shopify
rungear.co,reverse_ip_shopify
sacredsex.com.bo,reverse_ip_shopify
sale.com.ag,reverse_ip_shopify
sanna.ae,reverse_ip_shopify
scaledmedia.agency,reverse_ip_shopify
schaura.agency,reverse_ip_shopify
scrogger.com,reverse_ip_shopify
scrubsandclogs.ae,reverse_ip_shopify
seamlessbookkeeping.com.au,reverse_ip_shopify
securitycamerashop.com.au,reverse_ip_shopify
serrebj.qc.ca,reverse_ip_shopify
seularcriativo.com.br,reverse_ip_shopify
shape-republic.ch,reverse_ip_shopify
sharethelove.ae,reverse_ip_shopify
sheen.ae,reverse_ip_shopify
sheepnoona.cl,reverse_ip_shopify
shilajitdubai.ae,reverse_ip_shopify
shop.acetaiasereni.com,reverse_ip_shopify
shop.aero-flex.aero,reverse_ip_shopify
shop.angelabushman.com,reverse_ip_shopify
shop.asistandards.com,reverse_ip_shopify
shop.avn-ned.com,reverse_ip_shopify
shop.beaconaudiology.com,reverse_ip_shopify
shop.betterbody.co,reverse_ip_shopify
shop.bradfrost.com,reverse_ip_shopify
shop.brokeassstuart.com,reverse_ip_shopify
shop.charlestonbattery.com,reverse_ip_shopify
shop.comtedegrasse.com,reverse_ip_shopify
shop.dunnedwards.com,reverse_ip_shopify
shop.edmontonfireplaces.com,reverse_ip_shopify
shop.ehgourmet.com,reverse_ip_shopify
shop.fourthandheart.com,reverse_ip_shopify
shop.gusto.at,reverse_ip_shopify
shop.level-up.academy,reverse_ip_shopify
shop.maxolen.ch,reverse_ip_shopify
shop.mmfa.qc.ca,reverse_ip_shopify
shop.perricutten.com.au,reverse_ip_shopify
shop.speakeasygroup.com.au,reverse_ip_shopify
shop.trend.at,reverse_ip_shopify
shop.ultro.agency,reverse_ip_shopify
shopify.bendingspoons.com,reverse_ip_shopify
shops.myshopify.com.anujyrinki.com,reverse_ip_shopify
shoptest.ms.org.au,reverse_ip_shopify
sidenote.ae,reverse_ip_shopify
simplify.agency,reverse_ip_shopify
simplythegreat.ae,reverse_ip_shopify
simrace.academy,reverse_ip_shopify
skale.agency,reverse_ip_shopify
skydrone.aero,reverse_ip_shopify
skyelectronics.ae,reverse_ip_shopify
skylight.agency,reverse_ip_shopify
skylighter.com,reverse_ip_shopify
smart-metric.agency,reverse_ip_shopify
smartcart.agency,reverse_ip_shopify
smilingbodybar.academy,reverse_ip_shopify
snapperrock.ae,reverse_ip_shopify
snipe.academy,reverse_ip_shopify
socialscape.agency,reverse_ip_shopify
solarx.agency,reverse_ip_shopify
sombrelis.com.br,reverse_ip_shopify
sorellahandbags.com.au,reverse_ip_shopify
spaza.ae,reverse_ip_shopify
sprayerwarehouse.com.au,reverse_ip_shopify
stamps.ac,reverse_ip_shopify
starlite.academy,reverse_ip_shopify
staylocal.agency,reverse_ip_shopify
stemstore.com.au,reverse_ip_shopify
stenzhorn.ae,reverse_ip_shopify
sterlingmegastore.ae,reverse_ip_shopify
stigpodsuae.ae,reverse_ip_shopify
stitchintime.org.au,reverse_ip_shopify
stndout.agency,reverse_ip_shopify
store.cool-lux.com,reverse_ip_shopify
store.cottagepaint.com,reverse_ip_shopify
store.eve.com,reverse_ip_shopify
strathberry.ae,reverse_ip_shopify
stuffcreated.com,reverse_ip_shopify
sunnylife.com.au,reverse_ip_shopify
sunpower.agency,reverse_ip_shopify
supakit.co,reverse_ip_shopify
sweetpeapoppy.com.au,reverse_ip_shopify
syrokan.cc,reverse_ip_shopify
tamar.ae,reverse_ip_shopify
teaballs.ch,reverse_ip_shopify
techstore.agency,reverse_ip_shopify
tenkah.ae,reverse_ip_shopify
tezarajewels.agency,reverse_ip_shopify
tharb.ae,reverse_ip_shopify
theartiststudio.agency,reverse_ip_shopify
thecoffeelab.ae,reverse_ip_shopify
thedavincigroup.agency,reverse_ip_shopify
thefreediver.ae,reverse_ip_shopify
theglamourbureau.agency,reverse_ip_shopify
theirongear.ae,reverse_ip_shopify
thekandleco.ae,reverse_ip_shopify
themuslimfinds.ae,reverse_ip_shopify
thenuts.ae,reverse_ip_shopify
thermomix.com.au,reverse_ip_shopify
thetaskforce.agency,reverse_ip_shopify
tintcreations.ca,reverse_ip_shopify
tommybahama.com.au,reverse_ip_shopify
toybox.ae,reverse_ip_shopify
traffic.shopify.cloud,reverse_ip_shopify
transitioncoach.academy,reverse_ip_shopify
travelwise.agency,reverse_ip_shopify
trendora.africa,reverse_ip_shopify
trendsphere.agency,reverse_ip_shopify
trutex.ae,reverse_ip_shopify
tybo.agency,reverse_ip_shopify
uaecig.ae,reverse_ip_shopify
uk.2undr.com,reverse_ip_shopify
uk.craftdlondon.com,reverse_ip_shopify
umlimi.africa,reverse_ip_shopify
urbannest.ae,reverse_ip_shopify
uris.ae,reverse_ip_shopify
us.2undr.com,reverse_ip_shopify
ustaskforceps.agency,reverse_ip_shopify
uwp.agency,reverse_ip_shopify
v3digital.agency,reverse_ip_shopify
vaadiorganics.ae,reverse_ip_shopify
vellum.africa,reverse_ip_shopify
vikingmode.com.au,reverse_ip_shopify
vipsneakers.ae,reverse_ip_shopify
viraly.agency,reverse_ip_shopify
visionflow.co,reverse_ip_shopify
viticolo.ch,reverse_ip_shopify
voiceflow.ae,reverse_ip_shopify
voxfurniture.ae,reverse_ip_shopify
w-activewear.com.au,reverse_ip_shopify
wabiks.ae,reverse_ip_shopify
wair.bulangandsons.com,reverse_ip_shopify
wavelandischill.af,reverse_ip_shopify
webace.agency,reverse_ip_shopify
webdisk.albertacasters.com,reverse_ip_shopify
webdisk.babymori.com,reverse_ip_shopify
webdisk.cyclebrewing.com,reverse_ip_shopify
webdisk.eaden.com.au,reverse_ip_shopify
webest.agency,reverse_ip_shopify
webmail.dolceterra.com,reverse_ip_shopify
webmail.faces-india.com,reverse_ip_shopify
weeklygrowcontent.agency,reverse_ip_shopify
wellingtoncreative.agency,reverse_ip_shopify
wellness-solutions.africa,reverse_ip_shopify
welzo.ae,reverse_ip_shopify
westvet.com.au,reverse_ip_shopify
whitmedia.agency,reverse_ip_shopify
whm.albertacasters.com,reverse_ip_shopify
whm.cyclebrewing.com,reverse_ip_shopify
wholesale.uniquemuscle.com.au,reverse_ip_shopify
wolffshop.at,reverse_ip_shopify
womenfashion.agency,reverse_ip_shopify
woofandwear.ae,reverse_ip_shopify
wristtik.com,reverse_ip_shopify
www.1000voltemegliopublishing.com,reverse_ip_shopify
www.100carati.com,reverse_ip_shopify
www.33vibes.ai,reverse_ip_shopify
www.4kcinema.ai,reverse_ip_shopify
www.aateeq.ae,reverse_ip_shopify
www.adset.ai,reverse_ip_shopify
www.adulttechs.com,reverse_ip_shopify
www.aesthetehome.ae,reverse_ip_shopify
www.aiatelier.ai,reverse_ip_shopify
www.allpointseastapparel.com,reverse_ip_shopify
www.allurehomefragrance.com,reverse_ip_shopify
www.allures.ai,reverse_ip_shopify
www.alwaysafirefighter.com,reverse_ip_shopify
www.amatusmemorials.com,reverse_ip_shopify
www.amg-performance-wear.com,reverse_ip_shopify
www.antibodymall.com,reverse_ip_shopify
www.appsflow.ai,reverse_ip_shopify
www.arearugshop.ca,reverse_ip_shopify
www.asport.ai,reverse_ip_shopify
www.astitchintime.org.au,reverse_ip_shopify
www.astro-sky.com,reverse_ip_shopify
www.auralis.agency,reverse_ip_shopify
www.babymori.com,reverse_ip_shopify
www.baggie.com.au,reverse_ip_shopify
www.bambootaly.com,reverse_ip_shopify
www.barbabrasil.com,reverse_ip_shopify
www.baroni-firenze.com,reverse_ip_shopify
www.batterycontroller.com.au,reverse_ip_shopify
www.beloved-shop.com,reverse_ip_shopify
www.belovedgioielli.com,reverse_ip_shopify
www.benedettaboroli.com,reverse_ip_shopify
www.benjaminleebison.com,reverse_ip_shopify
www.beta.eaden.com.au,reverse_ip_shopify
www.biossance.com.br,reverse_ip_shopify
www.bizzyboostr.agency,reverse_ip_shopify
www.blackpotioncoffee.com,reverse_ip_shopify
www.blueskypty.com,reverse_ip_shopify
www.blumen-flores.com,reverse_ip_shopify
www.bohemianvi.com,reverse_ip_shopify
www.boostwizard.agency,reverse_ip_shopify
www.cemarose.com,reverse_ip_shopify
www.changeassociates.ae,reverse_ip_shopify
www.cherrichella.com.au,reverse_ip_shopify
www.chiquebloja.com,reverse_ip_shopify
www.classic-art.ch,reverse_ip_shopify
www.classicart.ch,reverse_ip_shopify
www.cleanlivingcompany.ae,reverse_ip_shopify
www.climatechangecollection.com,reverse_ip_shopify
www.corebolics.com,reverse_ip_shopify
www.coremelt.com,reverse_ip_shopify
www.cuerosespeciales.com,reverse_ip_shopify
www.danagus.cl,reverse_ip_shopify
www.darlingandgold.com,reverse_ip_shopify
www.databiz.agency,reverse_ip_shopify
www.dermalumae-store.com,reverse_ip_shopify
www.dermilux.ca,reverse_ip_shopify
www.dermlite.com,reverse_ip_shopify
www.designdetail.com.au,reverse_ip_shopify
www.digitalplanner.agency,reverse_ip_shopify
www.dplusforcare.com,reverse_ip_shopify
www.drapenn.com,reverse_ip_shopify
www.eaden.eaden.com.au,reverse_ip_shopify
www.eadensleepwearcom.eaden.com.au,reverse_ip_shopify
www.eadensleepwearnetau.eaden.com.au,reverse_ip_shopify
www.easytiger.academy,reverse_ip_shopify
www.echobeachproducts.com,reverse_ip_shopify
www.edenzhydro.com,reverse_ip_shopify
www.elviozanon.com,reverse_ip_shopify
www.enzo.as,reverse_ip_shopify
www.epalacebeauty.com,reverse_ip_shopify
www.fishirt.com,reverse_ip_shopify
www.foodexpress.agency,reverse_ip_shopify
www.georgerosevear.accountants,reverse_ip_shopify
www.getfar.agency,reverse_ip_shopify
www.glowclub.ae,reverse_ip_shopify
www.glowgetters.ae,reverse_ip_shopify
www.hardware.aero,reverse_ip_shopify
www.homesleephomefurniture.ae,reverse_ip_shopify
www.icecreameyewear.cl,reverse_ip_shopify
www.jude.academy,reverse_ip_shopify
www.kakoo.com.au,reverse_ip_shopify
www.kanyamakan.ae,reverse_ip_shopify
www.kappelandpartner.ae,reverse_ip_shopify
www.khoki.africa,reverse_ip_shopify
www.kiffyz.ae,reverse_ip_shopify
www.knife-depot.com,reverse_ip_shopify
www.lacarne.ae,reverse_ip_shopify
www.ladypaua.com.au,reverse_ip_shopify
www.langland.academy,reverse_ip_shopify
www.littlebundles.ae,reverse_ip_shopify
www.ljubim.ac,reverse_ip_shopify
www.lotextile.ae,reverse_ip_shopify
www.mabich.be,reverse_ip_shopify
www.machoman.agency,reverse_ip_shopify
www.meta-edu.academy,reverse_ip_shopify
www.mmbunkershop.com,reverse_ip_shopify
www.moredesigns.com.au,reverse_ip_shopify
www.mountyn.co,reverse_ip_shopify
www.mulla.ae,reverse_ip_shopify
www.muvinai.agency,reverse_ip_shopify
www.naledijewelry.africa,reverse_ip_shopify
www.nexeliomarketing.agency,reverse_ip_shopify
www.novacannabisstore.com,reverse_ip_shopify
www.nsfw.agency,reverse_ip_shopify
www.odele.ae,reverse_ip_shopify
www.onlinestore.agency,reverse_ip_shopify
www.optica.africa,reverse_ip_shopify
www.optishokz.be,reverse_ip_shopify
www.partnersincreation.agency,reverse_ip_shopify
www.penoblo.ae,reverse_ip_shopify
www.pixelbloom.agency,reverse_ip_shopify
www.platinumkaraoke.ae,reverse_ip_shopify
www.playaynieve.cl,reverse_ip_shopify
www.representedby.agency,reverse_ip_shopify
www.saintbride.com.au,reverse_ip_shopify
www.scrogger.com,reverse_ip_shopify
www.seamlessbookkeeping.com.au,reverse_ip_shopify
www.serrebj.qc.ca,reverse_ip_shopify
www.skylighter.com,reverse_ip_shopify
www.sofaworld.ca,reverse_ip_shopify
www.stitchintime.org.au,reverse_ip_shopify
www.store.cottagepaint.com,reverse_ip_shopify
www.tamar.ae,reverse_ip_shopify
www.techstore.agency,reverse_ip_shopify
www.tenkah.ae,reverse_ip_shopify
www.theartiststudio.agency,reverse_ip_shopify
www.themeteam.agency,reverse_ip_shopify
www.ustaskforceps.agency,reverse_ip_shopify
www.vent.ae,reverse_ip_shopify
www.vipsneakers.ae,reverse_ip_shopify
www.visionflow.co,reverse_ip_shopify
www.w-activewear.com.au,reverse_ip_shopify
xreal.africa,reverse_ip_shopify
yoffi.agency,reverse_ip_shopify
zadina.ae,reverse_ip_shopify
zarks.pk,reverse_ip_shopify
zaziba.com.au,reverse_ip_shopify
zeal-cycling.cc,reverse_ip_shopify
zep.agency,reverse_ip_shopify
zerogravity.agency,reverse_ip_shopify
zettler.agency,reverse_ip_shopify
zline.academy,reverse_ip_shopify
zuzannas.africa,reverse_ip_shopify
