rank,domain
4,facebook.com
266,akamaitech.net
328,smartadserver.com
715,steamstatic.com
1869,akamaitechnologies.com
3742,shopifycdn.com
5720,healthcare.gov
6033,supremecourt.gov
6825,homeoffice.gov.uk
6931,medicare.gov
8097,sportmail.ru
8211,dropboxstatic.com
8756,lightboxcdn.com
9101,secop.gov.co
9244,cartocdn.com
9247,digitallocker.gov.in
10627,mponline.gov.in
11736,boxcdn.net
12437,trade.gov
12892,homeaffairs.gov.au
14917,healthdirect.gov.au
15382,brandcdn.com
15448,digitalgov.gov
15495,customs.gov.cn
15702,passportindia.gov.in
15880,ecourts.gov.in
18569,ucarecdn.com
19506,sciencedirectassets.com
19662,food.gov.uk
19807,scholarships.gov.in
19900,direct.gov.uk
20265,mahaonline.gov.in
21652,automizely-analytics.com
22333,indiapostgdsonline.gov.in
23701,treasurydirect.gov
23992,nidirect.gov.uk
25719,digital.govt.nz
26092,digital.gov.eg
26296,fueleconomy.gov
27446,indianvisaonline.gov.in
27745,pornhubpremium.com
27822,arts.gov
28239,digital.gov
29008,bookcdn.com
31861,bundlecdn.com
32338,economia.gov.br
34297,tech1-cdn.com
34514,sport.gov.cn
36020,globalsiteanalytics.com
36608,salesanalytics.io
37187,ticaret.gov.tr
37219,printfleetcdn.com
37857,peacecorps.gov
38059,globalcdntech.com
38888,smartraveller.gov.au
39303,smartproxy.com
41604,facebook.com.br
42565,ecombdstatic.com
42907,packetcdn.me
42960,online.gov.vn
43332,cdnexpress.live
43431,teraboxcdn.com
43754,thefacebook.com
46371,insales-cdn.com
48074,moneysmart.gov.au
49748,netflixtechblog.com
53220,telegram-store.com
54274,glassboxcdn.com
55128,freshpaint-cdn.com
59915,myshiptracking.com
61168,floodsmart.gov
63679,scamwatch.gov.au
64894,mintransporte.gov.co
65419,apprenticeshipindia.gov.in
66671,capetown.gov.za
69183,medicareaustralia.gov.au
69826,skillindiadigital.gov.in
70535,whatsappbrand.com
71627,passport.gov.ph
72203,freshsexvideos.com
73744,epassport.gov.bd
73749,petsexvideos.com
74076,rtionline.gov.in
74181,teakcdn.com
74683,mecon.gov.ar
75431,startupindia.gov.in
76415,reconvert-cdn.com
76985,indigitall-cdn.com
78717,kviconline.gov.in
78941,customs.gov.az
80112,mrsgreenapple.com
80526,supremecourt.gov.bd
81434,netflixparty.com
82250,serviceonline.gov.in
82352,upsconline.gov.in
82977,digitalgujarat.gov.in
83046,swavlambancard.gov.in
83285,transport.wa.gov.au
83473,trade.gov.in
84434,teamtailor-cdn.com
84710,supremecourt.gov.np
84952,mahafood.gov.in
87740,trainingonline.gov.in
88083,transport.vic.gov.au
88540,digitalindia.gov.in
88599,haryanafood.gov.in
89110,identidadedigital.pr.gov.br
90014,jucesponline.sp.gov.br
90575,baltimorecountymd.gov
90600,etrade.gov.et
92442,foodstandards.gov.au
92658,customs.gov.my
92730,crbonline.gov.uk
93623,fcidepotonline.gov.in
93825,indiandigitalearningassets.com
94545,samarthpanchayat.gov.in
95620,captrader-tracking.de
95824,homedepot-static.com
95884,austrade.gov.au
95964,premiumcdn.net
98096,techcdn.com
100016,ecomparkour.io
100060,ebox.ca
100068,facebookvirtualassistant.com
100095,onlinebackupsolution.com
100108,stewart.net
100129,fusebox.fm
100152,ivecogroup.com
100169,autoid.com
100190,naturalizer.com
100199,boxmob.jp
100215,uangbox.win
100284,all-inbox.com
100297,sitemaji.com
100354,mydrinks.art
100428,isartec.de
100430,cmgdigital.com
100463,myecommercedns.com
100483,servedbysmart.com
100579,wpdigital.net
100613,digitalrevolution.nl
100617,netdirector.co.uk
100621,websitebox.com
100633,mycareersfuture.gov.sg
100682,sandboxol.cn
100721,orderprotection.com
100732,tcarrier.net
100746,polbox.tv
100755,nexpart.com
100766,vmo2digital.co.uk
100787,nabtrade.com.au
100827,autotrader.com.au
100902,zamusic.co.za
100911,datingdirect.com
100912,ignacioonline.com.ar
100929,hometownflirt.com
100940,disqotech.com
101058,webdiscount.net
101073,tartugi.pro
101079,digital-delivery.com
101105,delsamusic.com
101144,techlandonlineservices.com
101202,mtjonline.com
101210,topdealad.com
101344,wldmarket.com
101371,seatelecom.ru
101387,appshellbox.com
101394,sakhamusic.ir
101435,digitaledge.net
101456,nipotech.com.br
101545,diadem-tech.com
101562,starhome.io
101565,opassodaeconomia.com
101594,warehousestationery.co.nz
101656,directnic.io
101657,devtoolspro.online
101678,madrsa-online.com
101714,ipv4online.uk
101735,bankmuscatonline.com
101834,smart-stb.net
101897,icarcdn.com
101918,indiaonline.in
101951,diodecom.net
101968,supremecourtus.gov
101994,bundlemoviepumice.com
102048,express-connect.com
102053,radioonline.co.id
102059,asotools.io
102150,computech-rz.ch
102202,decocho.com
102213,economycloud.net
102237,tech2-cdn.com
102263,ubuy.com.pk
102293,greensex.ru
102295,investisdigital.com
102314,procraft.ua
102358,eztechglobal.com
102425,aspec-changanauto.ru
102474,exctech.ru
102543,stroeerdigitalmedia.de
102590,art.com.au
102618,ghammusic.ir
102621,navazmusics.com
102695,printtrackerpro.com
102708,samsungsmartappliance.com
102754,ctradercloud.com
102755,rtl-smart.tv
102756,home.kz
102773,driftracingonline.com
102885,admarketplace.net
102945,casino365online.one
103040,transport.qld.gov.au
103050,kabasakalonline.com
103114,techtrident.ru
103125,exposing-fields-data-recovery.com
103160,helloretailcdn.com
103227,tradecluballiance.com
103256,xparty.me
103294,lutech.vn
103307,ausport.gov.au
103332,cmtelecom.com
103336,lanfeitech.com
103364,hosting-minecraft.pro
103366,hjedesign.com
103371,allrecordhub.live
103372,onlinevkino.org
103430,gocardless-staging.io
103460,ufibox.com
103525,insightech.com
103594,pirateparty.gr
103616,reedunpack.com
103699,iwantgreatcare.org
103702,ideco.cloud
103721,greenwaystart.com
103801,cookieconfirm.com
103834,shipserv.com
103839,xcraft.ru
103934,sosonlinebackup.com
103940,technowave.ad.jp
103943,krishnajewellers.com
103948,bestcontentfood.top
103967,utclonline.co.ug
103981,servers1mart.ir
103982,walmartimages.com.mx
103993,jpdirect.jp
104030,asalbanooshop.com
104046,bunnycart.com
104058,auroratelecom.ru
104068,hifitechindia.com
104133,tradeling.com
104187,sensishopping.com
104258,cloud4box.ru
104295,borderpark.ir
104299,ecotrust.ir
104317,acadisonline.com
104360,smartigaming.app
104367,bananaship.net
104395,partner-its.ru
104416,amuonline.ac.in
104429,mclaneco.com
104437,allpandaexpressmenu.com
104530,coverartarchive.org
104531,wwwart.com.au
104538,rogersdigitalmedia.com
104552,reddybook.live
104553,caripandawin.com
104574,acecounter.com
104593,radyotvonline.net
104630,rootonline.de
104793,recovermycart.com
104916,rangolistore.pk
104931,petir388milan.com
104972,azurecomm.net
104984,freepeopledirectory.com
104986,xiaomisale.com
104988,buildship.run
104996,freshclick.co.uk
105009,xhonline.live
105030,ktadigitalpgri.org
105078,edeal-soft.com
105159,midnsbox.net
105187,umart.com.au
105240,partizan.global
105251,thecourierguy.co.za
105417,bizindiabook.co.in
105421,mercari-shops-static.com
105445,digitalplat.org
105462,accessredbox.net
105536,trade.kg
105599,nielsenhomescansurveys.com
105632,tryretool.com
105647,4rabook.club
105673,artmug.kr
105708,buycard.ng
105739,deals-indian.com
105759,dreamdeal.co.in
105788,frontale-card-collection.com
105870,kpdelivery.com.br
105919,montedio-digitalcard-collection.com
105948,newtechnoengineers.in
105962,onlinefreenotes.com
105963,onlinesattaking.in
105966,orodesign.biz
105976,pataplusmarket.com
105978,paypayonline.vip
105998,puppyshop.dk
106011,rationcard.com.pk
106054,smartacademy-eg.com
106123,uranai-box.com
106128,vayamtech.com
106138,virtuedge-marketing.com
106140,vkdigital.co.in
106250,earthquakenetwork.it
106288,getdirectbonus.com
106317,petros04.com
106336,sonichealthcare.de
106347,freshstatus.io
106352,getsupernatural.com
106357,sitecountry.net
106461,alutech24.com
106479,zatechthing.com
106495,u-buy.co.uk
106560,atvtrader.com
106584,onecomm.bm
106683,gecompany.com
106698,ecoregistros.org
106849,bookingexpert.it
106870,widgetbox.top
106884,tradernet.com
106908,gurutech.cc
106918,techsurgeons.com
106947,duxiaomanfintech.com
107054,dadcdigital.com
107114,specoddns.net
107192,smart-4.ru
107235,petrovichapi.com
107272,stonecontact.com
107382,homecookingrocks.com
107451,texasguntrader.com
107453,digitalcx.com
107458,litecoinpool.org
107471,gensdeconfiance.com
107524,eva-online.cloud
107562,tracksale.co
107571,vismaonline.com
107572,cornercart.io
107597,emusprint.com
107658,adsmediabox.com
107673,musichic.com
107696,aa-mothership.com
107702,eehome.ru
107731,volcanoesandearthquakes.com
107733,photorecoverultra.com
107746,hostsrecord.com
107805,riseonlineworld.com
107813,dlhjakarta-pusat.org
107832,hawkeyecollege.edu
107843,saxotrader.com
107880,aposoft-online.de
108030,tagonline.com
108080,grahamdigital.com
108108,scalecomputing.com
108116,walmart-tadalafil.net
108191,checkbox.ua
108199,products.abbott
108238,hxgnsmartcloud.com
108382,springtools.de
108519,directmeds.com
108547,musics-mehr.com
108557,smarttoolspdfreader.com
108627,lika-online.hr
108636,islonline-mpc.com
108658,barak-online.net
108661,car.ir
108673,sky-borders.com
108823,lestetelecom.com.br
108841,tablecar92.com
108859,borderfree.com
108886,optechcloud.com
108928,inmusic.dev
108947,cheaperdomains.com.au
108950,pausejeans-online.com
108954,ecostruxureit.com
108972,ipg-online.com
108975,uniquedigitalcinema.com
108976,om-online.de
108984,svretail.ru
109062,printercloud15.com
109079,sydneytools.com.au
109133,sonline.su
109149,smartcric.ch
109150,jinjiangshipping.com
109159,savecom.net.tw
109168,mawartotovibes.com
109189,eclipsecontent.org
109376,icc-tech.ru
109381,xhonline.life
109384,monroecounty.gov
109394,scanqrcodedesign.live
109399,ecomsiam.com
109404,relevantech.com
109438,sepidmusic.com
109439,animesonline.io
109489,onecount.net
109541,whatbox.ca
109596,buhonline.ru
109613,tech20hub.site
109624,gocheapweb.com
109633,carbonatix.com
109724,ztehome.com.cn
109751,circolocorecords.com
109764,zacaris.com
109848,livecounts.io
109882,delivery-amazing.com
109937,flamecomics.xyz
109940,hebergement-online.com
109960,autoline.es
109965,x1eco.com
109970,onlinenow.com.ar
110017,boxt.one
110034,timebook.ru
110101,carfaxdns.net
110172,jocar.jp
110233,flickrprints.com
110266,terabox1024.com
110289,datarecoveryradical.live
110326,animationdigitalnetwork.com
110375,robart.cc
110417,ukuleqasforsalesre.com
110419,sitecook.kr
110458,artworks.ai
110677,stockfresh.com
110723,fellowshiplogs.com
110805,etagdigital.com
110827,staging-paymentsonline.io
110834,pro-telecom.net
110842,corporatecarsharing.net
110889,golfbox.com.au
110895,sosit-txartela.net
110897,allenonline.com
110900,ohcar2022.co.in
111047,share-a-cart.com
111049,sinpartycdn.com
111077,deco.site
111104,hellofresh.fr
111117,hikeorders.com
111164,91store.xyz
111278,smartology.co
111290,startstream.com
111291,withagecomeswisdom.live
111353,cfahome.com
111375,autoeq.top
111415,cekbansoskemensosonline.com
111425,smartsiteshost.com
111535,autofinancebank.ru
111538,admozartexchange.com
111564,econozi.com
111590,partsimg.com
111618,smartbackgroundchecks.com
111624,sitzung-online.de
111644,matricula-online.eu
111647,atdonline.com
111742,becoolcouriers.com.au
111844,psdeals.net
111848,karte-edge.io
111982,expressodanoticia.com
112020,rojadirectatv2.pl
112035,zoomcar.com
112044,imagecollect.com
112105,bigboxads.com
112106,thestalkingdirectory.co.uk
112117,crm-onebox.com
112157,bitemores.com
112162,artiburo.net
112165,green-internet.net
112169,seedbox.vip
112173,muzcraft.com
112220,bargainhosts.co.uk
112233,pancares.com
112282,box-urp-675w0.com
112410,snidigital.com
112467,luenecom.de
112541,careemdash.com
112612,cstechgroup.com
112632,gl-tech.io
112685,goodstream.one
112694,photorecoveryplus.com
112722,akprinthub.com
112731,aplandrecords.in
112749,boxally.in
112773,dressesdesigns.com
112777,ecotp.gov.za
112778,ecounselling.nic.in
112820,ipo138fresh.com
112838,kuonline.co.in
112861,mcdfoodforthoughts.com
112866,mironline.io
112890,onlinetnnmc.org
112916,quicksmartindia.com
112954,teachers.gov.jo
112958,tiredealersites.com
113027,tradepmr.com
113079,dtechonline.net
113100,partai83265.com
113106,turontelecom.uz
113197,i90rvandauto.com
113232,fatbikefix.es
113269,server-varta.energy
113280,one4alldigital.com
113286,blueprint.ai
113288,greentg.su
113313,onlinepg.net
113368,identitysandbox.gov
113372,veerotech.net
113418,on-telecom.ru
113551,outremer-telecom.fr
113601,earth2trust.com
113657,cybersmart.co.uk
113779,mtaonline.net
113844,photorecoveryfile.com
113849,tensorartassets.com
113859,packet-pushers.com
113882,homealtg.site
113920,marionline.sbs
113946,digitalpfizer.com
113957,autoly.in
114032,spartoo.ch
114045,namebox.ro
114090,tiktokglobalshopv.us
114122,sigmacare.com
114146,harrypottershop.jp
114178,wepartytt.com
114191,predicto-tech.ru
114261,yougreentube.com
114301,printgrad.ru
114393,boxyupdates.com
114416,books-library.com
114442,smart-nic.de
114451,scholarshipsads.com
114460,condecosoftware.com
114461,deliveroo.com.sg
114464,centrecom.com.au
114499,devharitraders.co.in
114519,thehornetonline.com
114546,missmecods.net
114568,border.gov.au
114593,partai83329.com
114733,tagbox.io
114750,technosysonline.in
114822,hdmtools.com
114829,staywellsolutionsonline.com
114835,musicful.ai
114845,bet6goonline.com
114852,cjsfoods.com
114878,home34617.com
114901,mcdphotobox.co.uk
114924,piasecondhand.ro
114963,greencloudvps.com
114982,bluecode.com
114997,ricardostatic.ch
115053,camsonline.com
115074,digitalresistance.dog
115086,happycart.io
115089,onlinesecurityext.com
115117,dxdelivery.com
115155,greentree.baby
115157,jntexpress.id
115210,salemove.eu
115223,greeninvoice.co.il
115302,global-trade23.ru
115333,shipmondo.com
115380,naturalint.com
115386,ckotech.co
115436,dreamzshop.net
115455,mawartotobuy.com
115457,mawartotonight.com
115599,smartbro.net
115607,ecombdvod.com
115645,18-video-terabox.lat
115646,18xx-videos-terabox.lat
115678,airbusexpress.uk
115709,asrithadiatech.in
115728,bento123freshfood.com
115752,caninecottage.scot
115764,chartkalyan.co.in
115771,concorsoeconomia.it
115787,directpathways.co.uk
115821,europackagingtechnology.in
115826,fajartoto064.com
115860,giocartreggiocalabria.it
115956,krishpackindustries.co.in
115978,lunchboxbento123.com
115983,maaltijdenbox.nl
116100,pjrcare.nl
116107,pobreflixonline.com
116148,residenceconte.it
116153,rojadirecta.org.pe
116187,shreesaipacking.in
116196,smartlaw.com.tr
116224,thegoldjewellers.in
116366,thiecommerce.com
116374,vndirect.com.vn
116475,polymart.org
116500,filerecoveryplus.com
116506,transtelecom.net
116515,smartinnovate.net
116524,bradecontrols.com
116548,intradesk.ru
116626,kaveh-art-studio.com
116643,design-b2b.com
116680,car.gov.br
116689,bmctech.co.in
116711,cardheroes.app
116757,autobazar.sk
116780,terabox.club
116786,pcl-direct.com
116801,exactonline.nl
116828,carillonfedserv.com
116888,peteralexander.com.au
116945,dex-trade.com
116985,joybuy.co.uk
117026,bulkbooks.com
117087,carebuzz.io
117148,carecorenational.com
117149,meetscoresonline.com
117168,cisiaonline.it
117186,paxtechnology.us
117201,prioritytelecom.net
117493,e2e4online.ru
117542,spaceship-cdn.com
117609,theparking-cars.co.uk
117650,meinonlinelager.de
117664,smart4k.me
117679,onlinepianist.com
117736,rapidrecon.com
117747,cheaphosta.com
117781,techminds.com.np
117803,hishopcider.com
117880,smarterspanel.com
117894,tpgtelecom.com.sg
117899,kbtelecom.net
117935,afasonline.com
117943,paymenttools.net
117973,directtalk.com.br
118042,gdjztech.com
118071,mailbox.net.uk
118114,eticaret.gov.tr
118174,inbox.eu
118250,sonline.hu
118276,threatbook.net
118307,atlantech.net
118321,nmarket.pro
118360,healthtechnologygroup.com
118361,livebuy.io
118469,bigtelecom.ru
118484,cheaphosting.com
118539,douyinmusicpromotion.com
118592,greenstuffworld.com
118613,online-python.com
118617,gk-ai4retail.cloud
118630,digitalclickstime.com
118638,serveronline.biz
118738,coherecomm.com
118802,themothership.net
118816,icar.gov.in
118822,decopy.ai
118857,homenet.ua
118974,dealercenterwsstatic.net
119032,peakdigital.cloud
119047,salessquad.co.uk
119054,greenhousegroup.com
119061,myplaceconnect.net
119083,ordernext.com
119093,techiemedia.net
119102,goodsrv.de
119118,autodarts.io
119278,torrentonline.cc
119366,trademo.com
119425,restartad.com
119577,exelaonline.com
119599,finbox.com
119699,spotifyforbrands.com
119705,boxofficeturkiye.com
119732,euautoteile.de
119743,febbox.com
119778,u-buy.com.au
119840,hubspaceconnect.com
119868,sarbatech.com
119875,cargorun.ru
119880,redirectdom.com
119888,verycheap.co.uk
119889,autodealersdigital.com
119898,mozzartbet.ro
119899,camshowrecordings.com
119906,idealsciences1.com
119917,deeperbydesign.com
120011,adnettelecom.ro
120064,traderfox.com
120066,simplecontacts.com
120087,boxnow.gr
120110,chinacar.com.cn
120174,kanbanbox.com
120186,muzmart.com
120189,autodoc.bg
120277,simpeco-parts.com
120280,photorecoverypicturerecovery.com
120327,telecomprodder.com
120338,usenetexpress.com
120366,imarketsolutions.com
120378,traderoost.com
120384,relicarus.com
120483,navi-tech.in
120502,bookbot.com
120510,goodsones.com
120542,smoltelecom.ru
120598,action-digital.ru
120646,digitalspaceportal.net
120714,trade-point.co.uk
120785,seniorsdiscountclub.com.au
120851,databytechile.com
120853,leartes.net
120896,antonline.com
120923,corgihomeplan.co.uk
120939,anytimemailbox.com
121058,recolorado.com
121127,atomecorp.com
121205,coolblue-production.eu
121224,vimcar.com
121229,bfd-online.de
121239,sitemana.com
121272,rbsdirect.com.br
121277,filmboxliveapp.net
121324,pleinoutlet.com
121348,quebecormedia.com
121354,autotradercdn.ca
121395,tradeskillmaster.xyz
121416,towngastelecom.com
121466,johome.com
121520,vfsvisaonline.com
121592,cardeasexml.com
121648,workshop-email-tracking.com
121684,production-ph-pipe.com
121745,autoexposure.co.uk
121746,azaronline.com
121749,advancedmarket.co
121814,chickencraft.nl
121830,gpadtool.com
121833,cardlink.link
121867,careercertified.com
121877,apprenticeship.gov
121952,digitalhost.com
121995,shipengine.com
122072,mandarin-print.ru
122074,appfunneldigital.com
122122,zebyinbox.com
122126,ymusic.io
122131,teraboxcdn.app
122141,atosbox.ru
122155,albiononline2d.com
122160,tartugi.net
122169,radioonlinehd.com
122185,digitalbusinesslounge.com
122199,compreconfie.com.br
122207,panelbox.net
122271,smartsaker.com
122272,nordstromcard.com
122282,bathnes.gov.uk
122328,procareonline.com
122368,cdnexpress.art
122454,dimeco.ru
122479,trade-a-plane.com
122514,tecoenergy.com
122554,ecohosting.cl
122587,recoverymasterpro.com
122640,cloudbox.ru
122647,telecom.lt
122650,vbtelecom.net.br
122764,socialshopwave.com
122853,epack-manager.com
122954,oraclecorp.com
123021,submissionthemecolonialism.com
123071,24digital.rs
123081,printwayy.com
123148,indianbikesspares.com
123166,greenland-outdoor.de
123208,sandbox-cresecure.net
123251,deliverysolutions.co
123291,tigerfintech.com
123335,wordsmarts.com
123380,techofs.com
123382,zdesecom.ru
123399,premierleaguedigital.com
123420,nddprint.com
123452,vam-auto.ru
123486,bqecore.com
123553,luckycart.com
123582,multicraft.network
123584,techfun.pl
123593,minecraft.buzz
123671,xbookcn.net
123673,simpeco.site
123685,simnetonline.com
123686,technet24.co
123714,webuy.io
123715,secureconnect.me
123724,disorderstatus.ru
123764,banno-production.com
123785,salesforce-ccaas.com
123817,carmodsaustralia.com.au
123821,alientech.to
123829,ipnxtelecoms.com
123849,myeasyorders.com
123860,jtexpress.vn
123867,tmgcard.com
123868,citychiconline.com
123874,floridavoterdirectory.com
123886,telecomid.ru
123932,imusic.se
123935,ixora-auto.ru
123947,clarodigital.net
124016,fanaptelecom.net
124024,sipteco.ru
124025,amitydigital.io
124028,directbooking.ro
124030,unitool.ai
124033,logisticexpresscompany.com
124086,janeladigital.com
124113,partsdepot.cz
124139,petolo.de
124165,itembox.cloud
124167,greenaspen.com
124217,smart-consulting.ru
124278,schoolcashonline.com
124292,kaminoretail.io
124345,telecom.li
124371,pluralonline.com
124441,i-netpartner.net
124481,dnssmarthost.net
124486,onechartpatient.com
124513,bluecolored.de
124546,pulkovo-cargo.ru
124553,condecoconnect.com
124626,autosky.app
124628,appboxes.co
124629,smartstudy.co.kr
124678,discoverdirectly.com
124681,autovu.cloud
124697,redesigndaily.com
124737,sales-ninja.me
124742,sparta.cl
124748,letterrecoveryunplanted.com
124778,basecom.de
124806,httptoolkit.tech
124815,faratechdp.com
124851,hardonline.com.br
124901,unlocktool.net
124973,swiship.com
125065,innovamarketinsights360.com
125086,hdhome.org
125102,motr-online.com
125122,foodpicasso.com
125193,vibecodeapp.com
125221,ratemyapartments.com
125228,medexpress.co.uk
125242,truecoach.co
125295,packagist.com
125309,tendertech.ru
125387,joggen-online.de
125448,globalrecordings.net
125460,bhvronline.com
125496,hgfiukgliugbuyg.com
125638,aaa-autoclubgroup.com
125713,jtcargo.co.id
125719,editec-online.com
125722,usfood.com
125726,buyerads.com
125812,mtsretail.ru
125813,nativopartnerships.com
125833,tponlinepay.com
125868,mye2shop.com
125950,discountbank.co.il
125986,avenuecode.com
126002,fastbooking-services.com
126032,naturalsmokingleaf.com
126115,netbox.dev
126281,partseurope.eu
126365,apartmentlist.io
126419,kupotech.com
126430,getapkonline.com
126446,orangecaraibe.com
126580,freshstartinfo.org
126629,inwitelecom.net
126633,foodbegin.com
126722,firstcallonline.com
126723,dial4trade.com
126742,senator-telecom.ru
126758,shipup.co
126789,packdow.cc
126843,healthdirect.org.au
126898,economia.gob.mx
126900,xb-online.com
126904,washoecounty.gov
126943,kraseco24.ru
126969,gartic.com.br
126988,green-api.com
127025,expressone.hu
127109,trade.su
127167,gomusicads.com
127187,schueco.dev
127199,edadeal.io
127228,ozonline.com.au
127237,bikesales.com.au
127251,boxofficeindia.com
127282,klondike-online.com
127283,free-litecoin.com
127292,piatraonline.com
127327,tagdelivery.com
127353,membership.io
127392,tradetecglobal.com
127452,mindpackstudios.com
127474,online-teile.com
127510,careemapis.com
127529,aliiparty.com
127595,thedacare.org
127620,kcftech.com
127627,digitalnova.at
127658,lexiconfresh.com
127710,technopoint.kz
127720,appbox.ai
127756,3conline.com
127765,smarterauto.com
127782,aviobook.aero
127814,tecon.ru
127866,disneystore.fr
127947,tlc-direct.co.uk
127963,smartrmail.com
127965,aerusonline.com
128058,unitybox.de
128127,durakonline.ru
128195,seedboxes.cc
128206,newcastle-online.org
128217,reddigital.ru
128232,dramaboxskitsminiseries.com
128286,recoverypoint.net
128290,thecompanystore.com.my
128333,starttest.com
128361,smartz.com
128399,digitaltransgenderarchive.net
128430,makeronline.com
128511,rubiconredirect.com
128518,garstelecom.ru
128530,bikebros.co.jp
128564,cartajp.com
128566,adbox.lv
128613,heartlandhcm.com
128638,7artisan.cloud
128648,aemtech.ru
128667,greenwebspace.net
128708,okcountyrecords.com
128725,familyhomeplans.com
128788,moscow-cargo.com
128792,superworldbox.com
128892,eyeconic.com
128945,weatherhomeapp.com
128957,hipotecario.com.ar
128966,econovation.co.kr
129078,netdeal.com.br
129118,spiele-kostenlos-online.de
129141,proshoper.ru
129176,sviluppoeconomico.gov.it
129187,blackwiredesigns.com
129241,leafhomewatersolutions.com
129299,directus.app
129308,beart.ai
129413,blackstore.fr
129490,montieco.com
129553,directwoodflooring.co.uk
129580,luckincoffeecdn.com
129589,unionmusical.es
129640,primetelecom.ro
129662,printconnect.org
129665,autohelperbot.com
129686,allrecoverpro.com
129783,smartonecdn.com
129824,smartkom.ru
129850,macdiscount.com
129873,automatiq.com
129881,homeread.net
129941,thedigitalhost.com
129976,online-forum.net
130010,digitales-regal.de
130015,ukplanettools.co.uk
130092,freshsales.io
130119,maisdeliveryempresas.com.br
130144,boxicons.com
130172,oem-parts.hu
130232,opposhop.cn
130276,ubldigital.com
130336,recomaticapp.com
130351,dediseedbox.com
130400,autoguru.de
130479,voxtelecom.co.za
130549,admediasales.com
130568,skstore.eu
130576,hypecommerce.io
130584,nedigital.sg
130605,vidbox.cc
130616,thecouponsave.com
130627,smartinstall.org
130628,radiobookmark.com
130653,webcam-record.com
130702,tommys-express-carwash.com
130707,dh-adtech.net
130748,alutech.by
130774,cubecobra.com
130871,parkingboxx.com
130951,fmonline.app
131066,shipco.com
131068,artnet.com.pl
131132,bb-online.net
131146,caremarkrx.net
131182,myhomeapps.com
131273,digital-adept.kz
131362,nowonline.com.br
131378,usautoforce.com
131384,onetelecom.od.ua
131444,cheapflights.co.za
131508,lovart.vip
131519,bytecon.com
131525,weatheronline.de
131540,natterbox.net
131710,moneyhome.biz
131733,das-onlinespiel.de
131800,smart2pay.com
131806,green-japan.com
131815,webintech.net
131830,bookys-ebooks.com
131842,fresh.casino
131853,sweepstakesalerts.com
131867,clubhouseonline-e3.com
131881,corteconstitucional.gov.co
131885,landstaronline.com
132010,playtechgaming.com
132016,lookuppublicrecords.com
132047,sitecontabil.com.br
132054,express.net.ua
132086,ordereze.net
132159,gold-telecom.com
132163,restart.auto
132165,nextbike.net
132193,tradevan.com.tw
132248,minsktelecom.by
132285,carpt.net
132302,eco-dns.net
132333,busonlineticket.com
132363,simpeco-tyres.com
132392,geely-auto-gtm.com
132408,rrproducts.com
132419,cybertech.ru
132506,seattlecolleges.edu
132536,timeco.com
132549,vetsmart.com.br
132664,onebigshop.ru
132694,falcon-sandbox.com
132710,sdcecom.ru
132711,mailtools.space
132715,mycashflowshop.com
132728,pandorashop.hr
132745,pokemon-home.com
132762,board-directory.net
132819,sanlamonline.co.za
132822,ringsidecollectibles.com
132921,packlink.com
132934,onlinescoutmanager.co.uk
132949,autoscout24.bg
132953,start.canon
133029,rollerdigital.com
133052,kvshop.com.ua
133093,livepackagetracker.co
133120,inboxpress-au.com
133154,wildpettykiwi.info
133199,nasauto.bg
133207,elandorderstarti.com
133211,brasildigital.net.br
133262,weatheronline.pl
133344,career.page
133348,piercecountywa.gov
133365,mscdirect.co.uk
133375,qhrtechnologies.com
133401,marketia.io
133426,dateonline.ru
133432,ubuy.ke
133433,intechs.gr
133475,shipworks.com
133482,ready2order.com
133527,maintenanceconnection.com
133589,onlinecomponents.com
133612,joefresh.com
133631,fart1.com
133639,greenfeed.io
133676,klikonline.nl
133711,thebikejunction.com
133796,management-records.tech
133823,autocheck24.net
133921,myhomeworkapp.com
133969,telecombusinessforme.net
133976,paycomonline.com
134025,notebookcheck.biz
134066,carvanaauction.com
134107,feastdesign.co
134170,vectorworks-online.de
134187,salem.kz
134194,surplusrecord.com
134213,thunderbike.de
134242,khorostech.com
134245,widebundle.com
134426,baptistonecare.org
134437,onlinemanualspdf.co
134468,resortonline.ru
134502,smarty.co.uk
134509,vtech.fr
134521,globecorp.net
134531,the-stockmarket.com
134597,greenocktelegraph.co.uk
134669,artlabs.ai
134711,tech12h.com
134833,zippyonline.com
134834,megabox.co.kr
134841,zollonline.com
134869,bookzone.ro
134876,g-wonlinetextbooks.com
135011,litecoinspace.org
135027,gibtelecom.net
135055,tucarro.com.ve
135139,network-box.com
135247,ctidigital.com
135261,lenovoappstore.com
135304,staybox.com.br
135318,iotworkshop.com
135320,indotrade.co
135354,newsquestdigital.co.uk
135429,ebox.net
135466,summitmedia-digital.com
135493,green-solutions.net
135572,salonline.com.br
135641,icarros.com
135679,dygdigital.com
135720,auapptech.com
135795,online-voice-recorder.com
135866,smartservers.com.au
135935,adtechapi.xyz
136090,careempartner.com
136093,onlinehosting.cz
136098,advisorstech.net
136124,edgecore.ru
136153,easyfoodstamps.com
136177,workshop-email-content.com
136178,autodoc.com.br
136196,dnsrecord.com.au
136239,tlecorp.com
136244,greenfelt.net
136248,techmaniacs.gr
136273,advbox.com.br
136326,outdoornebraska.gov
136343,carmax.net
136357,tagbox.com
136378,nsotelecom.ru
136387,fishingtoolsbox.com
136399,contentpack.org
136403,halalbooking.com
136465,fonciatech.net
136472,happymealdigital.com
136503,aspiredigital.cn
136531,onlinemountain.com
136563,onlinetestpad.net
136598,dcarimg.com
136618,nautos.de
136636,deutschebank-dbdirect.com
136672,invictastores.eu
136761,evxonline.net
136765,freshify.click
136767,onecommerce.io
136835,roboxquiz.com
136841,a5cloud-production.net
136850,serversmarket.gr
136921,timetracking-online.com
136938,smartnetwork.tw
136959,vinoshipper.com
136967,parspack.com
137038,caro.net
137047,carene.org
137065,beonlineboo.com
137101,ucarecd.net
137177,porsche-stuttgart-flughafen.de
137186,techincity.ru
137197,yourpracticeonline.com
137235,redirectify.app
137316,econsig.com.br
137332,betterme-home-yoga.com
137334,supercard.ch
137340,ecocart.io
137346,productserve.com
137378,shipexec.com
137391,brandanalytics.ru
137400,ozonpartners.ru
137575,ecofis.de
137637,migrosonline.com
137675,start.bg
137693,tutoronline.ru
137743,carde.io
137751,velocityautomotive.com
137798,gocardless-cicd.io
137824,vkpartner.ru
137849,autolookout.net
137872,digitalholding.ltd
137879,carouselsignage.net
137883,pogdesign.co.uk
137917,shipsy.io
137923,expresso.com
137931,lyvecom.com
138061,musicperec.ru
138103,seconddinnertech.com
138137,one4allcard.ca
138163,moontontech.net
138172,recodz.com
138180,officeassistantonline.com
138210,b2b-telecom.ru
138214,designbysi.se
138256,rdshop.ru
138329,powerplanetonline.com
138365,automat-ai.com
138370,superonlinecorporate.com
138400,gocardless.dev
138421,autosystem.cz
138439,worshiptogether.com
138615,bestproductsreviews.co.uk
138622,clicksrefresh.com
138629,caresoft.vn
138665,abcdesign.pro
138691,opensharecount.com
138713,printess.com
138715,smartmedia.net.id
138764,akinsofteticaret.com
138798,greendottt.net
138832,dogzonline.com.au
138838,goodsmileus.com
138858,imusic.uk
138895,automedsystems.com.au
138920,amizadecolorida.top
138997,leumi-card.co.il
139011,onlinesoccermanager.nl
139014,conecttelecom.com.br
139021,miteco.gob.es
139082,chartworld.com
139086,wparty.net
139098,ticketonline.de
139147,srpcdigital.com
139165,white-directory.com
139190,booking.page
139214,greenapi.org
139229,chilexpress.cl
139236,thinkcar.com
139241,galianostore.com
139266,pne-online.net
139267,smartsheetgov.com
139454,artifact.news
139477,wisdomtreeconnect.com
139480,autoscout24.com.ua
139489,directly.chat
139490,cartesia.ai
139612,readypayonline.com
139675,fumoshop.com
139681,spacecore.pro
139697,grifolsplasmaexpresskiosk.com
139723,ashleydirect.com
139758,amaonline.com
139946,recommendedpress.com
140011,mnet-online.de
140048,myecommercedns.net
140051,appliedonline.net
140070,onlinenotepad.org
140088,getcarrot.io
140128,akirabox.to
140183,codetools.in
140211,djibtelecom.dj
140249,ambientproptech.com
140260,econt.com
140275,smart-dns.com.au
140296,tvdigital.de
140331,citizensbankonline.com
140340,chimecove.club
140359,boxtal.com
140360,inbox.lt
140468,myhome.ge
140550,seodigital.cl
140564,alimart.ae
140598,online-begraafplaatsen.nl
140630,thecomet.net
140651,stores-apple.com
140673,shepetivka.com.ua
140706,carsaver.com
140708,bombparty.com
140738,gormanshop.com.au
140773,transportes.gov.br
140826,spdigital.cl
140871,metaship.ru
140872,i-elitech.com
140880,seamanship.eu
140902,tratoresecolheitadeiras.com.br
140904,distnashipenati.ru
140927,packback.co
140942,dailyorder.de
140996,artprinta.com
141030,smartrotation2.com
141066,entrematic-smartconnect.com
141077,hopbox.in
141084,issnetonline.com.br
141094,fboxtv.com
141125,upperdeckepack.com
141128,boatsonline.com.au
141136,ewarttechnologies.net
141144,top-minecrafter.com
141145,krackonline.com
141206,shippit.com
141228,techintgroup.net
141237,citrixonline.com
141241,caeddigital.net
141257,dropboxlegal.com
141332,eneco.be
141517,smartplacement.io
141557,depositocaravan.com
141622,designku.io
141623,superonline.com
141657,greenhost.net
141668,carbonhousedns.com
141673,carpathiahost.net
141717,trannybook.com
141749,salesstocker.com
141752,dts-online.net
141779,protoolszone.my
141822,bart.sk
141831,expressplay.com
141845,recordstrivia.com
141849,happinetonline.com
141879,t-tech.team
141925,duokanbox.com
141993,teachers.gov.bd
141995,smartrotation6.com
142002,finamtrade.ru
142018,carcodesms.com
142027,venntelecom.com
142037,bkmexpress.com.tr
142077,carsandcars.ca
142123,redeal.se
142162,stablewebtech.com
142177,smartrotation3.com
142251,frisbuy.com
142254,onlinefussballmanager.de
142300,thalesdigital.io
142303,twttonline.com
142320,exploreearth3d.com
142326,radiorecord.fm
142365,musicbrainz.eu
142377,productsafety.gov.au
142378,lassomarketing.io
142398,trade-server.net
142420,smiletech.vip
142482,acndigital.net
142497,roxashop.com
142529,tradeweb.com
142645,totaltraffictrader.com
142669,aptrade.ru
142717,ukrparts.com.ua
142722,jvsonline.fr
142755,online24.pm
142779,gmconline.com.br
142828,bookingexperts.nl
142842,techblog.page
142843,digidirect.com.au
142899,orderdeadline.com
142932,codecrafters.io
142954,alerosshop.it
142970,box8.co
142997,edit-pdf-online.com
143036,imobiliariaricardoparanhos.com
143096,pdfconverteronline.com
143138,startvpn.com
143170,zegotech.cn
143220,socarrao.com.br
143240,infotechna.hu
143250,beecompose.com
143293,goodsrepublic.com
143323,petrescue.com.au
143413,fibextelecom.net
143468,partprice.ru
143531,tradesmith.com
143625,mothership.co.nz
143648,freenotetech.com
143690,smsonline.cloud
143725,matajertech.com
143812,online.com.au
143821,freshbots.ai
143838,love2shop.co.uk
143879,artelecom.pt
143934,benchmarkdigital.com
143936,appodealx.com
143990,boatdealers.su
144032,pageroonline.com
144068,vttechfx.com
144108,etestsonline.org
144154,siteconciergemail.co
144238,smartbusiness.ae
144247,cursosycarreras.com.mx
144308,strykertech-interface.com
144323,multiscreenstore.com
144375,03online.com
144378,petfriendly.io
144533,greensboro-nc.gov
144570,steamcdn.com
144575,directs.com
144650,spmailtechno.com
144702,petspiration.com
144709,autoo.com.br
144779,musicleague.com
144813,v1digital.com
144842,pproduct.ru
144960,my-salesforce-community-live-preview.com
144983,skynettechnologies.us
145009,roveconcepts.com
145025,hrblockonline.ca
145040,senecops.com
145103,corelstore.com
145109,citonline.com
145110,startrack.com.au
145115,astrodigital.media
145119,happycards.ca
145178,showzstore.com
145200,yourpracticeonline.co
145360,yardsales.net
145382,autofixer.com
145389,smowltech.net
145424,readnaturally.com
145431,cityonlinebd.net
145437,appbundledownload.com
145486,carnivalcruiselineemail.com
145516,stripersonline.com
145548,hellofresh.ca
145552,technomarket.bg
145568,vcdelivery.com
145583,foodpanda.com.mm
145587,supercarros.com
145592,greenlight.me
145695,uhauldealer.com
145732,tupperbox.app
145735,pchshopping.com
145742,adpartners.io
145823,techtrident.sbs
145824,impetus.co.in
145828,mollyshomeguide.com
145829,youlishipin.com
146007,roboxchange.com
146043,weconnectu.co.za
146171,starline-online.ru
146193,autoera.lt
146195,ecoindustry.ru
146224,dbscar.com
146292,mos-tech.moscow
146437,rc-online.ru
146465,greenlight.guru
146566,zont-online.ru
146581,gedecomix.com
146586,contentdeliveries.com
146589,fintechnsk.ru
146630,famillecollet.com
146642,searetailplatform.com
146647,aiproducts.com
146665,svrauto.ru
146670,ed-partner.ru
146732,preproduct.io
146738,designarena.ai
146801,tiktokshops.eu
146806,smartassessor.co.uk
146810,onlinegwpay.com
146944,drakecomic.org
146998,craft-hosting.ru
147008,csecontrol.com
147052,ecositewebhost.com
147086,os-tech.ru
147096,customs.gov.ph
147103,adsbydesign.net
147164,midibox.org
147173,fbox360.com
147212,sabiotrade.com
147317,adasitecompliance.com
147357,e-digitalhosting.net
147365,browsecoherentunrefined.com
147455,cotecompare.com.br
147517,28degreescard.com.au
147539,autoklad.ua
147609,boxed.gg
147627,myecodns.com
147638,china-online.com.cn
147652,hitem3d.ai
147711,apjonlinecdn.com
147730,shipway.com
147780,directvps.nl
147895,dbztech.net
147902,inaturalist.ca
147907,smionecard.com
147909,sancharonline.net
147979,livebox.sk
148013,femalecook.com
148091,shopstyle-cdn.com
148124,u-buy.ch
148146,vncare.vn
148232,bluproducts.com
148238,ubuy.com.py
148308,tools.sap
148375,pagostore.com
148378,online.tj.cn
148398,horseworldonline.net
148407,aatechdesign.com
148425,dellbackupandrecovery.com
148426,nodesdirect.com
148482,ubuy.com.ro
148533,upsellingtech.com
148600,online-cmcc.cn
148601,tradezero.com
148660,agc-tech.net
148698,passiveincomeconsultingllc.com
148705,simpeco.tech
148717,timrecompensas.com.br
148739,myplannedparenthoodchart.org
148742,petdrugsonline.co.uk
148763,alltimediscounts.com
148774,mypackagetrack.com
148775,datahome2026.com
148794,mobtelecom.com.br
148894,d1-online.com
148907,trade.gov.tw
148978,worldtool.ru
148993,analyzecorona.com
149043,sw-online-check.de
149077,fviainboxes.com
149124,economic.bg
149155,careco.co.uk
149168,printme.com
149183,combcompetition.com
149196,pethouse.ua
149289,legendonlineservices.co.uk
149303,remi-online.ro
149311,freshemail.io
149335,techcloudly.com
149468,hub-box.com
149496,kks-telecom.ru
149543,borrowbox.com
149557,images-weatheronline.com
149703,wbuy.com.br
149717,cabotelecom.com.br
149737,globaleco.app
149758,startapi.win
149764,monaco-telecom.mc
149776,racetelecom.net
149822,prohealthcare.org
149840,videoitaliaproduction.it
149851,beepbox.co
149912,gidonline.eu
149944,bookscovers.es
150053,idealo.cloud
150054,simpshopifyapps.com
150055,smartfit.online
150092,myinsales.kz
150151,shamrockfoods.com
150206,fordpartsgiant.com
150234,bcexpress.ru
150286,e1-card.ru
150301,techfu.co.za
150381,nocarbschallenge.com
150456,joysonshops.ru
150509,ecosweb.com.br
150517,emanualonline.com
150578,bikeboard.at
150675,shippypro.com
150847,baseconnect.in
150854,lgatelecom.net
150866,mxrecord.mx
150921,bretagnetelecom.fr
151063,getdirecto.com
151070,ubuy.is
151095,bike24.fr
151117,assecobs.pl
151119,gftech.ru
151147,packageconciergeadmin.com
151165,lestrades.com
151191,textbox.app
151211,azeronline.com
151234,ekwamarketing.com
151294,ekklisiaonline.gr
151300,cruiseshipcenters.com
151328,plurabellebooks.com
151350,organiccdn.io
151358,allfacebook.com
151419,smartbuys.ru
151435,tech-arms.io
151460,csgpmarketplace.com
151545,imcparts.net
151637,cheapestsmmpanels.com
151646,krastelecom.com
151716,photorecovermax.com
151809,periboxquest.net
151821,borzodelivery.com
151918,naturaltracking.com
151934,econet.co.ls
151952,livecomm.net
151986,ingressodigital.com
151998,mirabelsmarketingmanager.com
152009,mayahenryjewelers.com
152046,exactonline.be
152082,simpeco.pro
152170,rcbconlinebanking.com
152219,carbonite.co.za
152252,lovedeco.ro
152281,cybersmart.co.za
152288,divxonline.info
152360,autocab.net
152390,match-trade.com
152429,carprice.auction
152444,earthlight.co.nz
152468,greenradar.com
152491,foodpanda.tw
152543,onlinecamscanner.com
152571,vparts.se
152587,equipoutdoors.co.nz
152601,mijnpartnergroep.nl
152610,bikeleasing.de
152633,icetrade.by
152635,bcitelecom.ru
152649,jsecoin.com
152660,7stardigitalnetwork.com
152663,dqecom.com
152677,lunchbox.io
152713,bigbox.com.ar
152725,gonlinesites.com
152735,sdlproducts.com
152795,econjobrumors.com
152810,one4alldigital.ie
152831,ksecosys.com
152858,online-schule.saarland
152864,granadadigital.es
152866,ecounterp.net
152923,smartpixl.com
152944,viart.com
152953,schoolstore.net
152973,royalgreenwich.gov.uk
153005,bestflashcard.com
153012,carrierpoint.com
153032,liga3-online.de
153045,francetelecom.fr
153051,playwonderbox.com.br
153071,homebuddy.com
153083,mobitech-content.xyz
153119,online.io
153143,pescare.com.ar
153156,yelsterdigital.com
153275,convbox.ai
153287,mutuionline.it
153338,wetteronline.ch
153426,anotaai-platform-production.com
153515,buysellcyprus.com
153553,krogerfamilycareers.com
153555,visdeal.nl
153635,cardcrush.com
153648,kometsales.com
153650,green-spoon.jp
153693,technoinfotech.com
153786,virtusonline.org
153792,economist.kg
153878,salesdish.com
153891,mastercard.org
153940,autofarba.com
154037,motivtelecom.ru
154041,cedsdigital.it
154042,directlot.ru
154048,usawmembership.com
154152,cvauto.ru
154244,image-tech-storage.com
154245,intellishop.cloud
154413,orderflowtrading.net
154415,onguardonline.gov
154498,shippingeasy.com
154507,astech.com
154520,discounto.de
154560,soshcaraibe.fr
154568,getuscart.com
154576,tabtrader.com
154600,maxonline.de
154700,taleamusic.com
154730,selfbook.com
154757,deckbox.org
154841,collectiblesonlinedaily.com
154851,customs.gov.vn
154882,iowatelecom.net
154883,texture-packs.com
154930,provaltech.com
154948,farmfoods.co.uk
154967,onedriveconsole.com
154985,comintech.net
155108,tickettool.xyz
155109,colourbox.dk
155119,descargasdd.org
155159,online-fonts.com
155162,wpsorders.com
155169,cleanertoolboxonline.live
155197,motionartify.com
155359,jdeco.net
155374,artklen.ru
155381,mydesignation.com
155401,asretelecom.com
155410,indianeconomicobserver.com
155435,ffzy-online4.com
155436,tech.gov.sg
155527,pixelstarships.com
155543,schmoozecom.com
155545,saleemfabrics.pk
155688,instocktrades.com
155711,dopingtech.net
155783,techappapp.com
155811,ecosio-hub.com
155829,orderlogicapp.com
155851,procares.in
155927,paretodeals.com
155940,hosterbox.com
155973,roberthalfonline.com
155979,friendshipcars.com
155995,padrepauloricardo.org
156025,smartnet.kz
156162,staff-clothes.com
156169,intertech.com.tr
156185,myipadbox.com
156195,altcointrader.co.za
156216,techsp.cc
156289,cablecom.net
156311,online-apteka.com.ua
156338,educarm.es
156361,accuristechnologies.ca
156509,spartoo.com.hr
156574,nerdpart.com
156601,bydauto.com.tr
156609,redvisiontech.com
156622,ridersdeal.com
156637,bookingkit.com
156641,cgpbooks.co.uk
156668,sonauto.ai
156694,navigatingcare.com
156736,taku-adtech.com
156792,signalpet.com
156863,wiautomation.com
156911,southernonline.net
156912,royalcaribbeanmarketing.com
156966,viversaudavelhojeonline.online
157013,petrus.pl
157028,fastadsonline.com
157047,musicgpt.com
157087,yabancidizibox.com
157113,racingdealma.com.ar
157135,passports.gov.au
157137,electrobike.fi
157146,ubuy.com.br
157228,ebox.co.nz
157245,ubuy.com.kw
157364,scentbox.com
157453,hellofresh.com.au
157478,frionline.com.br
157491,mihanstore.net
157548,gofoexpress.com
157572,engagecore.com
157646,tesseradigital.com
157674,autobarn.com.au
157711,leafhomeenhancements.com
157755,ketabonline.com
157802,cybernet-telecom.com
157810,rusbitech.ru
157815,luckparty.com
157844,barsyonline.com
157859,azgunbuy.com
157914,ticaretsicil.gov.tr
157976,timecorns.com
157977,car-2rent.com
157979,minecraftonline.com
157984,chthibox.net
158040,cartsguru.io
158083,cursosonlineeduca.com.br
158173,dubaitrade.ae
158238,blindsdirect.co.uk
158248,buildkiteassets.com
158296,booksfer.net
158315,digitalwest.net
158318,box.co.uk
158478,wartungsverbund.de
158479,homelabvet.com
158545,teensexonline.com
158563,toproducts.co.uk
158608,sitecockpit.com
158634,matrade.gov.my
158637,skybox.xyz
158672,petpoint.com
158691,hs-salescrm-engage.com
158694,itecoserv.ro
158739,newxboxone.ru
158756,itecoserv.com
158761,freshthyme.com
158776,wow-petguide.com
158808,ecomdata.cloud
158837,ship24.com
158863,bancodeprecos.com.br
158879,kartago.sk
158885,maxstores.gr
158893,soytechno.com
158930,litecoinblockexplorer.net
158953,jptrade.ru
159021,allianzdirect.com
159038,fortradev.com
159114,sapbydesign.com
159117,techvisionjoy.com
159127,thecollective.in
159147,dealerslink.com
159166,aviasales.uz
159204,automann.com
159254,seriebox.com
159291,luxuryproxy.net
159345,bundleb2b.net
159357,digitalims.net
159418,petrol.si
159454,tecobi.com
159527,freshmarketer.eu
159581,orderhost.ir
159615,earthviewsatellitemaps.com
159619,elbierzodigital.com
159635,arranfoods.scot
159702,imagedeliveries.com
159738,smartsyntax1.ru
159747,foodgenius.de
159748,autogenius.io
159793,bookzip.online
159812,myautoleap.com
159813,pierce-ecom.com
159881,justdice-product.info
159902,aviaonline.fun
159954,online-string.com
159968,printerland.co.uk
160106,7fresh.com
160163,replicaonline.ro
160209,logitech.com.cn
160215,maersk-digital.net
160236,cofactordigital.com
160242,aeropartner.aero
160309,caravansitefinder.co.uk
160316,petiak.ca
160342,jackbox.fun
160359,deliveroo.hk
160360,ecozaym24.ru
160381,salesforceresearch.ai
160383,livefresh.de
160394,cheapestinindia.com
160410,amityonline.com
160412,atelecom.pro
160508,myaccountviewonline.com
160529,yamareco.info
160547,sonartech.io
160609,jocar.com.br
160612,videsigns-staging.co.uk
160626,tradeboss.com
160685,economiafinancas.com
160693,qsoftdesigns.com
160708,autoblog.com.ar
160709,lemontech.com.br
160743,myhealthchart.com
160747,cellshop.com.py
160815,bookbyaliens.com
160821,visualcare.com.au
160910,carblicity.com
160936,eadmart.com.br
161064,indotrade.com
161133,icandesignapp.com
161146,scholarshipowl.com
161157,business-online.ru
161194,procarecloudservices.com
161217,unecon.ru
161225,deliverhelix.com
161237,internet-box.ch
161257,noticiasdecoimbra.pt
161276,bensbargains.com
161330,marketsnare.net
161331,knickersboxersglory.com
161453,cleandigitals.live
161495,smartfunnelads.com
161498,centeredgeonline.com
161539,totalonlinesolutions.com
161544,finanzasdigital.com
161586,onlinedogshows.eu
161666,fowlersparts.co.uk
161679,floathomes.com
161772,haymarketmedia.com
161787,imusic.pt
161790,book-family.de
161860,magecomp.us
161903,worldofwarships.jp
161911,expressmailguard.com
161941,i-teco.ru
161944,tgjonesonline.co.uk
161999,smatwebdesign.com
162048,artsites.ca
162054,propertytaxdirect.com
162078,mykelseyonline.com
162104,welcomehomesoftware.com
162117,tarahanbartarserver22.ir
162132,strengonline.uk
162144,sourcecraft.dev
162148,dealer-leads.ca
162170,digital-kaos.co.uk
162176,algerie-eco.com
162237,recordbate.com
162256,boatsales.com.au
162291,dgshipping.gov.in
162440,lawyersonline.co.uk
162462,continiaonline.com
162542,naotempreco.com.br
162658,mainpacket.com
162669,zvukbook.com
162718,tuner-online.com
162729,liveconnect.me
162766,bgfoodsinc.net
162803,instacare.pk
162860,greenlightwebsites.com
162904,amongus-online.net
162921,careporthealth.com
162927,emp-online.fr
162930,iskratelecom.ru
162947,southindiajewels.com
163009,smartwool.eu
163017,freshtel.ru
163028,teksideconnect.com
163029,nortonhealthcare.org
163063,internationaldelivers.com
163125,servicecore.com
163151,ubuy.com.kh
163228,purwakartakab.go.id
163231,orderexperience.net
163331,thesettlersonline.com
163407,momentdigital.fi
163432,oruzjeonline.com
163434,financialexpressdigital.com
163497,vaiadigital.net
163513,minetools.eu
163540,backpacktf.com
163550,chilecom.net
163612,worldofwarships.ru
163626,homeflow.co.uk
163629,foodyas.com
163639,onlineviewer.net
163659,productsup.io
163678,ecoflowukraine.com
163692,mga-officialstore.com
163707,ghostship.dk
163729,cutechin.com
163792,cinemabox.team
163795,directorz.jp
163842,autofusion.com
163867,thomsoncarter.com
163871,kawancara.com
163875,guatemaladigital.com
163889,tennisrecord.com
163914,galaxydigital.io
163953,starhomecrm.com
164043,utech.edu.jm
164055,maquinadigital.net
164077,productmarketingcloud.com
164110,ftvpartnercontent.com
164233,labtestsonline.org.uk
164322,digitalgrounds.info
164326,ibooked.cn
164342,deliveroo.ae
164390,craftlime.net
164407,zaptrade.ru
164411,urlmart.com
164462,bafoeg-digital.de
164487,bbwheelsonline.com
164567,deltaforcetools.gg
164620,ibbsonline.com
164632,mafretailproxy.com
164651,digitalhybrid.net.au
164655,scarletwhisper.com
164705,infodesign.ru
164709,nubox.com
164760,weatheronline.gr
164764,mcdashonline.com
164767,zbusinessonline.co.nz
164833,lakecountyil.gov
164876,saltlakecounty.gov
164916,apextraderpartners.com
164946,jtexpress.com.br
164992,vipboxtv.sk
165065,woodfloorwarehouse.co.uk
165173,gofoodmerchant.co.id
165203,kora-online.cc
165237,acskidd.gov.ua
165329,cargus.ro
165415,beststartinlife.gov.uk
165419,packaging-systems.ru
165514,bestonlinereviews.in
165550,chart-kalyan.in
165577,ddeedshop.net
165616,ezectech.com.br
165627,filter303fresh.com
165632,foododisha.in
165660,green-growths.com
165679,home34047.com
165756,kingauto.vip
165769,ksouonlinestudy.com
165774,lancar138-link.com
165817,mantrishop.in
165859,naturali.co.in
165880,onlinejs.com
165906,pilartoto.org
165907,pimedigital.com
165951,rojadirectafhd.com
166012,techcrusader.in
166013,techyindia.xyz
166021,thejujutsukaisenonline.com
166078,wallheart.in
166127,analisisdigital.com.ar
166167,abrtelecom.com.br
166193,tecob.com
166217,ecoms.com
166305,multitech.net
166310,petra.gov.jo
166400,articleskill.com
166403,quinbook.com
166404,bn-online.net
166443,bigamart.com
166444,softwareexpress.com
166519,expressobeans.com
166555,unixauto.hu
166589,inaturalist.nz
166591,smartcapitalcenter.com
166649,autoeco.ro
166683,discrepancy-records.com.au
166686,weezeronline.com
166710,liveboxserver.com
166747,packdraw.com
166748,kartinkof.club
166781,digitaladvertisingalliance.org
166788,ctonline.mx
166828,koronacard.ru
166836,card-corner.de
166862,smartbear.co
166918,remoterocketship.com
166943,loopaautomate.com
166977,digital-eliteboard.com
166990,backpacktf.trade
167003,hostonline.dk
167009,flagshiphost.co.uk
167019,sunexpress.biz
167081,takecomic.jp
167087,nwtelecom.ru
167127,techmersion.com
167161,ghconline.gov.in
167306,virtualhostingdigital.com
167390,tradew.com
167413,airasiatech.com
167429,toxsales1.com
167447,ddbook.com.au
167456,sexshopatacadao.com.br
167466,aera-online.de
167477,zebratelecom.ru
167522,autopro.com.vn
167533,chartercom.com
167550,prestashop.sh
167573,frigidaireapplianceparts.com
167576,onehotbook.cz
167607,reggionline.com
167610,carenet.org
167647,idlespacetech.com
167686,protecht.com
167712,funfoodscentral.com
167789,musicchoiceplay.com
167790,smartclipspain.com
167822,updateconnectionhub.com
167823,ushopbi.com
167840,swissmarketplace.group
167977,maturehomemadeporn.com
168000,retech.pt
168027,careficientinc.com
168073,green-habits.business
168087,colsecor.com.ar
168168,northshoreconnect.org
168201,autodoc.parts
168202,caffeinecommons.com
168208,biznethome.net
168280,netbox.no
168291,jetpackworkflow.com
168313,greentieconsulting.com
168334,hoogeveenschecourant.nl
168351,in-book.club
168401,pjoutdoors.co.uk
168458,radiofm-online.com
168513,directv.com.ar
168517,vaxcare.com
168524,riotdirect.net
168541,boxer.co.za
168554,canalbox.net
168562,articlegenius.ai
168579,gotools.de
168600,allsmart.gr
168662,etadirect.com
168726,santeecooper.com
168731,kisscartoon.sh
168747,deliveroo.com.kw
168767,smarttoolmaking.com
168791,orderly.org
168838,hostitsmartserver.com
168847,studiodesignapp.com
168863,bookingkit.net
168914,automobile-error.jp
168918,myappliedproducts.com
169019,autosalon.tv
169085,barcastores.com
169119,helpdocsonline.com
169164,eco-worthy.com
169183,keurigonline.net
169194,e-arrivalcard.go.kr
169331,buywholefoodsonline.co.uk
169352,proredirect.com
169367,etelecom.ru
169435,forsaledomain.net
169441,emp-online.it
169454,nomads-notebook.com
169468,dorkbox.com
169530,nethostbox.com
169532,togreencolumn.com
169647,karmadesign.pt
169692,tunisietelecom.tn
169776,kuludonline.com
169813,craftivox.com
169819,menudigital.ir
169835,secondechance.org
169886,mozzartbet.mk
169904,elitemate.com
169984,zohosalesiq.com
170134,ubuy.com.lk
170136,amapalettenxsale.com
170140,onpidart.com
170239,baltic-shipping.com
170302,softupdate-online.top
170348,partsmart.net
170363,buycraft.net
170416,caribbeancupid.com
170435,protechnic.ru
170446,alliance-healthcare.co.uk
170455,pornbox.org
170494,widgitonline.com
170534,bacardi.digital
170557,cinematerial.com
170654,readsoftonline.com
170769,peterborough.gov.uk
170793,autostyle.co.za
170807,play-minecraft-servers.com
170825,itemax.de
170858,bucklecontent.com
170861,gbadtech.io
170863,emp-online.es
170879,digitalimages.sky
170939,kdealer.com
170976,insales-tech.ru
171033,citydesign.ir
171073,anamuel-careslie.com
171097,autode.net
171101,vybetelecom.in
171111,informdirect.co.uk
171112,onlinemail.io
171156,inboxesmail.app
171178,productiv.com
171215,bookzip.top
171231,evolucare.com
171284,shavershop.com.au
171293,freshdi.com
171299,ecostandard.ru
171314,homelink.ru
171341,montecarlo.com.br
171364,cutiecomics.com
171394,simplydelivery.io
171463,zarplata-online.ru
171626,cloudmailstore.com
171668,belabox.net
171672,b-online.gr
171732,carrie.es
171755,guntrader.uk
171841,fccaccessonline.com
171861,dpartaptm.com
171882,vproptrader.com
171893,packhacker.com
171896,clearcheckbook.com
171900,codibook.net
171966,thecluebox.com
171992,scconline.nl
172047,nwaytechnologies.com
172109,ordersify.com
172130,online.com
172162,thecoolhour.com
172164,forodecostarica.com
172188,startrek.website
172210,srpacks.com
172244,anycart.com
172275,detectiveconanworld.com
172326,freshfarm.it
172411,cloudflarepartners.com
172479,asossamplesale.com
172480,cool-carriers.com
172500,icemortgagetechnology.io
172505,keurigonline.be
172517,ozarksonline.com
172543,softech.ru
172547,rulercraft.com
172615,freshco.com
172620,cewedigital.de
172624,datadeliver.net
172746,dealerk.com
172907,fitinpart.sg
172991,deliveroo.be
173053,abdbox.com
173145,recollect.net
173149,59telecom.ru
173158,homepc.it
173187,beschuetzerbox.gmbh
173200,atechmemory.com
173240,garudaonline.com
173255,plusoutdoor.com.au
173307,zenvuedigital.com
173346,firmadigital.gob.ec
173384,tvhome.info
173412,craftnote.cloud
173462,xeconvert.com
173480,recod3suite.com
173487,salespop.com
173510,order.place
173531,amonline.com.my
173622,roadcard.com.br
173761,uuzuonline.net
173764,digimoncard.io
173779,westernunionshop.com
173790,redirect.host
173797,ordertime.com
173808,myagedcare.gov.au
173814,krungsribizonline.com
173908,sbershop.ru
173964,deliverynow.vn
173969,parts-honda.uk
174017,liguriadigitale.it
174056,home.bank
174129,freshnessburger.co.jp
174153,direwolfdigital.com
174218,telecomputing.no
174222,mojauto.rs
174223,express.com.ar
174314,fastcdnshop.com
174338,goldnettelecom.com.br
174378,autonavigator.hu
174478,order.co
174608,singlecomm.com
174648,yamareco.org
174684,namesdirect.com
174699,trackmyshipment.co
174702,edealer.website
174771,com-trade.sk
174786,shipday.com
174792,totalcards.net
174794,milwaukeetool.com.au
174807,megabike24.de
174868,manabox.app
174890,businessonline-boi.com
174933,ecollect.co
174991,digital.bg
174992,d-tools.cloud
175013,freshloom.net
175053,nedapretail.com
175085,onlinetopchoice.com
175094,ebizautos.media
175206,ecylinderonline.com
175210,ugf-online.mobi
175255,smart.net
175299,comparaonline.cl
175316,craftyamative.top
175380,backpackforlaravel.com
175436,cosmostore.org
175442,sykehuspartner.no
175516,acsonline.com
175564,friartuckonline.com
175646,vpu-online.com
175721,telecominternet.net.br
175765,fixpart.es
175770,printcom.fi
175809,medhostdirect.com
175819,sandbox.gs
175852,easy-booking.at
175860,ipindiaonline.gov.in
175898,orderdesk.me
175920,booksdirect.com.au
175968,booksprime.ru
175991,onlinerealsoft.com
175997,telesmart.co.nz
176015,banquetrecords.com
176061,solitarios-online.com
176072,quecochemecompro.com
176094,foratelecom.ru
176106,thrones-online.com
176122,watchsexvideos.mobi
176130,trustshop.io
176244,d-edgeconnect.media
176251,termolionline.it
176327,services-design.com
176333,c-labo-online.jp
176362,heartbeat.chat
176364,earthenlys.com
176368,freshsmp.fun
176428,hostersale.com
176450,greenlightnc.com
176454,apo-discounter.pl
176480,onlinemektep.org
176492,yu-pack.jp
176510,techfast.vn
176532,getyouonline.co.uk
176582,orderfg.top
176607,smartmeapp.com
176610,portaldocartao.com.br
176684,adabundle.com
176729,tripstore.com.ar
176768,makebecool.com
176787,edirectorycloud.com
176829,wowdeals.me
176833,metro-markets.org
176855,mercuryhealthcare.com
176861,khalijfarsonline.net
176871,paybox.com
176891,aurahome.com.au
176904,carlinkit.com
176939,kartaview.org
176941,burlingtontelecom.com
176952,intdigital.ru
177050,finmarket.online
177095,arabictrader.com
177145,asseco.pl
177281,thedigital.gov.ua
177283,digitalway.com.pe
177310,msoutlookonline.net
177329,greenies.com
177336,bazdigital.com
177432,sputnikhome.com
177459,legislacaodigital.com.br
177522,boxcontrol.io
177557,bookoutlet.se
177563,hellofresh.nl
177565,cms-twdigitalassets.com
177656,6speedonline.com
177665,caranddriver.gr
177727,pieceauto-discount.com
177895,productessentials.app
177994,d4donline.com
178076,verizondigitalmedia.com
178101,anderlecht-online.be
178130,climateanalytics.org
178155,online-x.space
178173,niceonline.com
178218,internetmarketing.ru
178219,petsarefamily.de
178286,autoracing.com.br
178291,car.gov.co
178313,glossybox.com
178464,myonlineradio.sk
178466,lecomptoirdemathilde.com
178513,onlinereads.net
178523,carbravo.com
178551,greenmile.com
178557,theconjugator.com
178604,ndamywifecons.com
178642,tradeserv.com
178654,externaldecode.com
178662,primefivecore.com
178689,edelvivesdigitalplus.com
178716,salesviewer.org
178741,alitemz.com
178777,relogioonline.com.br
178876,egstelecom.ru
178897,brightbox.com
178927,webdigital.hu
178959,cruxinfotech.com
179027,onlinewebhostingguide.com
179054,decoglass.gr
179063,yourprint.in
179105,booked.kr
179146,avonusaecom.com
179177,ciudaddecorrientes.gov.ar
179180,busonlineticket.co.th
179185,astrashop.top
179208,bibleinheart.com
179223,techzapk.net
179239,croissant-online.jp
179359,csiu-technology.org
179469,sunshinecoastnews.com.au
179503,carve.photos
179546,myonlineportal.de
179633,scholarshipregion.com
179636,thegreyhoundrecorder.com.au
179687,recordowl.com
179700,drinkbrisk.com
179720,webstartechnology.ru
179722,tradedealer.net
179820,iboxmpos.com
179927,rakbankonline.ae
179931,fluentretail.com
179965,desenhosecolorir.com.br
180031,salesabc.co
180033,waecdirect.org
180052,ns-artif.de
180055,onlinepare.net
180064,kunststoffplattenonline.de
180096,scacchi-online.eu
180113,clickheredigital.com
180151,supernaturalwiki.com
180169,package.ai
180239,caribbeancompr.com
180242,foxhome.co.il
180260,brytecore.com
180290,casebook.ru
180292,lessentieldeleco.fr
180308,artportal.hu
180333,jsctool.com
180336,cars-rentals.com
180391,online4u.no
180459,commbox.io
180463,webmixdigital.com.br
180546,customs.gov.ua
180558,gigcxmarketplace.com
180564,nthtechnology.com
180618,osthome.ch
180630,playmemoriesonline.com
180649,cartoonsworld.vip
180681,autoraptor.com
180706,mailexpress.com
180720,freshworksapps.com
180740,localidautore.it
180744,onlinestream.live
180778,centralcart.com.br
180808,foodora.hu
180882,onlineradio.pl
180912,kaiu-marketing.com
180913,isparta.edu.tr
180927,ngobox.org
181007,tradezone.com.au
181080,imusic.be
181096,astelecom.ru
181148,adeal.ru
181190,neo-market.ru
181237,wonderboxdev.com
181242,ebaconline.com.br
181290,cablecolor.com.sv
181304,arnstore.ru
181308,careyourhrtsoftware.com
181326,ubuy.hr
181417,deeponlines.com
181473,conagrafoods.net
181487,iranicard.ir
181548,sezonline-ndml.co.in
181550,smart-climate-ids.com
181557,competition.dz
181602,thecountyoffice.com
181650,rapidauto.ro
181657,seosprint.run
181667,express-hosting.co.uk
181671,chess-online.com
181718,comfort-online.com
181740,techcloudclub.com
181760,shippeo.com
181771,brainlabsdigital.com
181814,quickonlinesignin.co
181815,naturalinsight.com
181892,extensionsbox.com
181914,bikesterglobal.com
181948,tribunadepetropolis.com.br
181987,corecoding.com
182012,lcmeco.com
182040,greencuttlefish.com
182047,artvid.ru
182185,scoutonline.ru
182201,daysmartpayments.com
182210,secondphaselive.com
182231,autowebdirect.com
182262,zuldigital.com.br
182282,allfilerecovery.com
182291,aipressbox.online
182319,decodethis.com
182327,sunbeltparts.com
182501,firstdigital.com
182587,spoticar.de
182645,outdoorxl.com
182662,designrus.dk
182723,digitalcg.net
182769,boxpvp.net
182772,corusdigitaldev.com
182809,petpalpaw.app
182823,amazondelivers.jobs
182878,globus-telecom.com
182886,simpeco-tyres.ru
182909,keurigonline75.nl
182927,hipobuy.com
183024,careaware.com
183095,ipropertyexpress.com
183110,kikagoods.com
183114,angaratech.ru
183122,musicarms.net
183264,clicktech.com
183313,borderlight.net
183332,autodily-pema.cz
183339,heartp.top
183369,product-image-zoom.com
183372,morecon.jp
183385,smartedgesudio.com
183404,onlinebiller.com
183407,threecolts.com
183473,greenlifeappliances.com
183502,delfintelecom.ru
183559,edgecompute.app
183593,documentmanagerpdfdocxlssale.live
183716,naturaldns.com
183723,mobboss-online.com
183734,minecraft.tools
183779,online-mahalla.uz
183847,sameday-shipping.com
183868,webecom.ro
183874,aloecare.io
183922,freshsites.co.uk
184071,saal-digital.net
184094,ubuy.com.gh
184095,glovostore.com
184126,borrowbox.net
184144,datarecoverybonus.live
184157,directmap.info
184208,speedship.com
184230,keurigonline79.nl
184257,cheaperhoster.com
184337,materialbank.com
184420,orderkuota.com
184434,digitalmarket.click
184478,betonlineaffiliates.ag
184480,aldevadigital.com
184602,motorcyclespareparts.eu
184619,cloudlogobox.com
184647,mamunbooks.com
184691,bookme.pk
184781,africa-online.net
184928,myonestart.com
184936,maharatech.gov.eg
184948,hyundaidealer.com
184949,digitalaviationservices.com
184978,smartphlex.com
184991,online-serial.com
184994,carbuzzimages.com
185059,athenabox.de
185099,aetnaseniorproducts.com
185117,cardapio.ai
185123,frontierstore.net
185126,ubuy.com.zm
185134,themailsubscriptions.co.uk
185173,ansichtskartenversand.com
185176,baptistchart.com
185225,simplyprint.io
185305,pipecode.ru
185350,aviasales.fun
185369,fortytools.com
185401,reckoproduction.com
185443,startleint.com
185449,ecopress.gr
185517,nectarart.net
185549,hogrefe-online.com
185561,guardiandigital.com
185629,shlonline.eu
185635,fastbooking.com
185641,goaonline.gov.in
185651,leadsales.services
185695,decowood.com
185701,smartact.hk.cn
185711,bouncefresh.com
185751,carrnissan.com
185759,theparking-cars.com
185781,digitaloceanstatus.com
185797,spartoo.dk
185833,bancoecofuturo.com.bo
185853,xi-digital.com
185858,directorioempresarialmexico.com
185894,tritema.com
186040,fixpart.it
186062,alttech.icu
186081,neutelecom.com
186123,autorefresh.co
186137,cheapthrillsmoto.com
186161,automizely.org
186173,order2cash.com
186180,mspyonline.com
186196,njindiaonline.com
186210,discountdragon.co.uk
186243,goodsearchcorp.com
186266,indotrade.co.id
186327,7artisandns.com
186331,autoxing.com
186368,artaxnet.com
186379,autoline.ro
186381,autoplanet.cl
186382,autowork-online.co.uk
186388,bartofil.com.br
186405,carmine.pt
186420,corearoadbike.com
186421,correosexpress.es
186423,cosmomarket.gr
186492,homemarkt.gr
186522,koreaminecraft.net
186540,megaparts.bg
186555,nafco-online.com
186557,netiaonline.pl
186567,onlineyedekparca.com
186572,partsfan.com
186601,salesdock.nl
186610,smartpelis.tv
186611,smarty.sk
186621,spoticar.it
186655,universparadiscount.ma
186710,directrankcl.com
186711,telecomsky.ru
186713,aforecoppel.com
186741,wboxc.com
186754,homeway.io
186780,homebotapp.com
186849,myprepaidcards.ca
186884,autosnab.ru
186898,gnonlineservices.com
186929,tamildigitallibrary.in
186944,freshbyte.xyz
186956,mbsmartservices.net
186960,tinyboxcompany.co.uk
186999,boxtons.com
187180,betterdeals.gg
187230,thehouseholdgoods.com
187249,tabsbook.ru
187317,frostcarpet.com
187328,navonline.net
187361,namecheapapi.com
187597,colourbox.de
187624,thesupercarregistry.com
187640,bcare.com.sa
187669,informbox.net
187708,petitfute.co.uk
187745,imusic.fi
187753,buyaircraftparts.com
187802,nortenettelecom.com.br
187815,adminhostingtech.com
187834,_wildcard_.com.ph
187858,twtelecom.net
187869,sgsonline.net
187871,e-design.net
187897,careanyware.com
188015,carrierhouse.us
188053,totonline.net
188088,schulmanager-online.de
188111,corgihomeplan.uk
188116,sabbashop.com
188128,burtelecom.ru
188169,auto-doc.ie
188192,autoconsulting.ua
188203,scubedonline.co.za
188246,redboxrx.com
188260,sameday-shipment.com
188297,autokelly.sk
188301,ahanonline.com
188317,geobox.eu
188323,greengraphics.com.au
188324,xpsshipper.com
188393,efood.dev
188394,tradeeasy.com
188439,easyaccessmaterials.com
188444,unicaribe.edu.do
188491,vocetelecom.net.br
188553,boxis.net
188568,safeconsolecloud.io
188571,islamicbook.ws
188642,seco.com
188651,armastore.com.br
188668,myperpetualsites.com
188767,smartskill.com
189017,gbox.pl
189040,techedu.gov.bd
189070,forzadelivery.com
189153,upcitemdb.com
189197,hik-partnerru.com
189228,butternutbox.com
189258,artofzoo.online
189266,carmel.com.co
189275,hoangphuconline.vn
189303,superpet.pe
189348,merkurymarket.hu
189378,xboxlive.cn
189380,autocj.co.jp
189381,intratool.de
189389,orderediting.com
189397,gajananbooks.in
189402,eldiaonline.com
189414,jatekshop.eu
189432,smartuphome.ru
189433,dragonbox.de
189459,ecaytrade.com
189470,basecone.com
189491,maindigitalstream.com
189505,ums-dns-salesforce.com
189507,sgdigital.com
189511,downloaddirect.xyz
189546,paddypartners.com
189642,smartcielo.com
189663,partscheck.com.au
189675,coffeconnect.com
189679,xcashshop.com
189720,cannonhome.cl
189750,perpetual.com.au
189811,ms-online.co.jp
189814,agendaonline.it
189828,outdoorseiten.net
189844,smartmeye.com
189886,my-salesforce-sites.com
189925,mirtelecom.su
189977,incgrepacks.com
189992,ship-ship.ru
190055,starshipit.com
190065,salesdrive.me
190071,ecomz.net
190073,ieltstrainingonline.com
190081,toplinecontentmarketing.com
190085,productioncrate.com
190108,lk-telecom.ru
190138,umbrellaonline.ca
190165,sapphirecareselect.com
190174,proxyparts.fr
190195,nexeontech.net
190226,cardiff.gov.uk
190287,keurigonline.com
190308,excelautos.co
190337,zdescargas.org
190352,kuyisidigital.com
190362,mooncards.com
190428,carloforward.com
190463,hotelsathome.com
190488,album-online.com
190564,mecanografia-online.com
190588,trade2win.com
190589,ecomobileapp.com
190593,camainbox.com.br
190612,dataheiheihome.com
190622,craftyclicks.co.uk
190628,simplecom.net
190645,repack4u.pro
190659,monaonline.com
190696,naturalmotion.com
190698,smartunits.com
190709,favoritexpress.ru
190731,ktmusic.co.kr
190761,directvnet.com.ar
190792,7telecom.ru
190846,easymapsanddirections.co
190920,adultgoods-sale.com
190935,maybanksandbox.com
190952,productgenius.io
190963,dokootech.com
190979,choppbrahmaexpress.com.br
191012,coverscart.com
191014,dazzystore.com
191017,europagricultproduct.com
191072,go2bankonline.com
191109,nextonline.com.bd
191119,farmpartner-tec.com
191143,emailpartners.net
191146,expresspersonnel.com
191152,deam-online.com
191175,cdnlbox.club
191285,felgenoutlet.at
191293,combankdigital.com
191318,uni-stuttgart.net
191377,ubuy.do
191399,freshplaza.it
191435,waeconline.org.ng
191436,agedcarequality.gov.au
191444,hyperbox.co.jp
191458,globaloliveyoungshop.com
191479,atlantisweborder.com
191568,autosoftdms.com
191586,s-darts.com
191607,thecoverproject.net
191643,homemade.xxx
191663,specsonline.com
191693,videobox.com
191758,drinkripples.com
191767,startpunktet.com
191824,xcarimg.com
191865,mrnmrspet.com
191909,krossbooking.com
191920,hollanderparts.com
191933,directlocaljobs.com
191938,book-family.com
191978,postcard.lv
191983,adcloud-markets.com
192044,kontaktbox.com
192113,jackintheboxdigital.com
192143,freescanonline.com
192161,relyhome.com
192238,mobpowertech.com
192241,lisztdigital.com
192244,oneco.ru
192263,goblintrader.es
192279,hongleongonline.com.my
192284,maquillajetrendyshop.com
192285,musicx-download.com
192313,freshping.io
192329,jetour-autoprodix.ru
192431,ptindirectory.com
192442,emanuel-online.com
192494,eclicksmarketing.com
192502,notepadhome.app
192626,dealermc.com
192664,digitalrecruiters.com
192674,myuhealthchart.com
192722,bsale.app
192774,salesforce-hub.com
192796,parasiteoutdoorsmix.com
192814,platerecognizer.com
192830,performadspartners.com
192831,ecotrak.com
192833,knightonlineworld.com
192839,greentreehosting.net
192844,4home.sk
192912,xrtccardano.com
192971,idealapi.nl
193011,sas-telecom.kz
193078,technolex.pro
193146,bookbear.net
193175,telecom.pt
193189,chatboxapp.ai
193198,asistenta-auto.com
193206,hospitalstore.com
193213,taongaonline.com
193232,rintech.sk
193240,techdroid.com
193270,languagebookings.com
193272,habboxforum.com
193284,total-technical-support.com
193285,mybooks.life
193297,booked.hu
193309,thirdeyecomics.com
193320,walmartrewardsmc.ca
193321,archiveresale.com
193348,artibot.ai
193360,greenville.k12.sc.us
193383,zositechc.cn
193434,voyah-autoprodix.ru
193454,gutatelecom.ru
193512,autos-motos.net
193533,foody.co.il
193564,samapkstore.com
193577,carvertical.net
193642,futhertech.com
193655,tradedepot.co.nz
193701,greencoop.or.jp
193703,miloncare.com
193717,tvercard.ru
193720,mentrecording.jp
193770,canvasdiscount.com
193772,greenatom.ru
193793,buybox.click
193795,inttech.de
193845,meuarquivodigital.com
193853,cryptofundtrader.com
193855,micolombiadigital.gov.co
193917,carranzacursos.com.br
193922,fstoolbox.com
193940,thinkdigitalacademy.org
193980,uppclonline.com
194047,idealwith.com
194049,autopecasonline24.pt
194084,gtlfsonlinepay.com
194118,ibdesignhosting.com
194126,tecknaonline.uk
194137,videodelivery2.site
194143,walmart.com.sv
194238,freedombox.rocks
194243,second-hand.it
194267,carhatke.com
194305,caredrive.com
194374,redirect28.net
194400,autodoc.si
194417,mtool.app
194419,autoset.by
194464,hawkcards.com
194476,tau-trade.com
194587,therecom.net
194673,teraboxlink.com
194713,gierkionline.pl
194714,xbox-updater.online
194843,avenorcraft.com
194848,theconsumerguide.co
194942,graalonline.com
195106,escapecollective.com
195130,recoru.in
195161,talkshopbot.com
195165,pagesdesigns.com
195176,fenecon.de
195208,musickauction.com
195214,bsale.io
195266,artful.net.au
195405,hostmybox.net
195420,agarwalpackers.com
195421,packerrats.com
195476,mustangtechno.com
195485,vecozo.nl
195619,worder.cat
195668,jerusalem.muni.il
195724,craft-web.co.jp
195745,decoazn.com
195770,merchanendirecto.es
195776,carchat24.com
195818,stylecontent.xyz
195909,corecommhosting.com
195995,videoviewonline.com
196027,recargapremiadadatim.com.br
196144,desitellybox.to
196149,chowkingdelivery.com
196206,discountoffice.nl
196239,imusic.au
196287,fftrader.cz
196288,alliancecom.net
196377,recordcity.jp
196391,ksoutdoors.gov
196412,bildelaronline24.se
196472,bolttech.net
196530,dommarket.fr
196535,greenfit.com.co
196555,sahomashop.com
196569,elitcar.com
196570,enaturalnie.pl
196587,zrexpress.app
196596,passport.gov.mm
196641,artelmik.ru
196662,cloudtelecombest.com
196689,dealervideopro.com
196866,pprcard.ru
196896,onlinenw.com
196932,digital-forum.it
196986,mycarrier.tech
197050,auditonline.gov.in
197054,bikekan.jp
197062,easybook.it
197124,fantbox.net
197167,vinertelecom.ua
197242,mkidn.gov.pl
197274,clerkretail.com
197284,p2000-online.net
197287,rebuy.cloud
197355,automotix.net
197382,productosdelujo.cl
197430,andorratelecom.ad
197452,eshipz.com
197473,rditelecom.ru
197489,smartmonitor.lv
197511,autoscout24.se
197518,onlineebillcenter.com
197547,mysmarthq.com
197548,playonrecorder.com
197586,backpackbrawl.com
197677,jinjiangshipping.jp
197683,keytrade.com
197711,fameco.com
197778,sconlinesales.com
197864,econt-bg.com
197874,flotech.co
197879,logitech.biz
197880,findbox.de
197904,freshtunes.ru
197910,iptrackeronline.com
197919,greenmesg.org
197993,stellardigital.com.au
198027,comsoltech.com
198045,br4-partners.com
198121,cartbooster.io
198126,pizzaonline.life
198238,transact-online.co.uk
198332,hemel-webdesign.co.uk
198338,q84sale.com
198387,tohoentertainmentonline.com
198462,toptools100.com
198471,indahonline.com
198614,bluegreenowner.com
198619,hof-hacarmel.co.il
198624,royalasiaticarchives.org
198648,wonderbox.it
198734,vereinonline.org
198750,moviecom.com.br
198751,yourhome.gov.au
198835,online.pt
198837,scoutshop.org
198843,freshful.ro
198898,velleahome.gr
198987,divxfilmeonline.tv
199076,livecareer.co.uk
199100,unicornstore.in
199115,autopal.info
199128,findmebestdirections.app
199195,autodns.nl
199222,stockinstore.net
199290,rops-online.be
199293,tadadelivery.com.mx
199362,greentractortalk.com
199377,myhostbox.net
199379,ekolonline.com
199387,bigbox.lt
199407,digitaldisbursements.com
199411,desprecopii.com
199420,aframeonline.com
199429,marketcircle.net
199497,goshop-service.com
199681,united-music.ru
199816,auto-land.pl
199850,cafecomyaoi.com.br
199922,ecouter-en-direct.com
199953,folhadosulonline.com.br
