domain,status,platform,has_products,product_count,ecom_signals,has_payment
 erickson foundation.,dead,,False,0,0,False
 martin tomáš.,dead,,False,0,0,False
 sti.,dead,,False,0,0,False
0241tactical.com,active,,False,0,0,False
0800sports.co.uk,dead,,False,0,0,False
1-2-3-modewelt.de,timeout,,False,0,0,False
1001bricks.com,dead,,False,0,0,False
100plusposters.com,timeout,,False,0,0,False
1040exam.com,dead,,False,0,0,False
1059do.com,active,,False,0,0,False
109nano.com,dead,,False,0,0,False
123buy.com,dead,,False,0,0,False
123wigs.com,active_ecommerce,shopify,True,3,5,False
129slayer.com,active,,False,0,0,False
13485store.com,active,,False,0,0,False
14000store.com,active,,False,0,0,False
163.ca,timeout,,False,0,0,False
16949store.com,active,,False,0,0,False
18000store.com,active,,False,0,0,False
1800flowers.com,active,,False,0,0,False
1856countrystore.com,http_403,,False,0,0,False
1911parts.com,http_403,,False,0,0,False
19thcenturyshop.com,timeout,,False,0,0,False
1a-drucken.de,dead,,False,0,0,False
1and1.com,active,,False,0,0,False
1and1.fr,active,,False,0,0,False
1clickpc.com,timeout,,False,0,0,False
1freecart.com,active,,False,0,0,False
1shopauto.com,dead,,False,0,0,False
1ststitch.com,timeout,,False,0,0,False
1t4i.com,active,,False,0,0,False
2-5-d.jp,dead,,False,0,0,False
2-waycommunications.net,active,,False,0,0,False
200columbus.com,active,,False,0,0,False
2013pic.org,timeout,,False,0,0,False
2020lifestyles.com,timeout,,False,0,0,False
2034ad.com,timeout,,False,0,0,False
206.229.24.217.,timeout,,False,0,0,False
20x20.net,timeout,,False,0,0,False
212dev.com,timeout,,False,0,0,False
216.52.212.159.,timeout,,False,0,0,False
21cws.com,timeout,,False,0,0,False
21shop.fr,timeout,,False,0,0,False
21stcenturyhealthclub.com,timeout,,False,0,0,False
221industries.com,active,,False,0,0,False
24-stunden-diaet.de,dead,,False,0,0,False
247shopathome.com,timeout,,False,0,0,False
247wereport.com,timeout,,False,0,0,False
24hdeco.com,timeout,,False,0,0,False
24hoursoflemons.com,timeout,,False,0,0,False
24hr-lingerie.com.au,timeout,,False,0,0,False
28black.de,timeout,,False,0,0,False
2boredmoms.com,timeout,,False,0,0,False
2cw.com,timeout,,False,0,0,False
2hippo.com,timeout,,False,0,0,False
2myhome.eu,timeout,,False,0,0,False
2ndsaturdaycafe.com,timeout,,False,0,0,False
2ndstartoys.com,timeout,,False,0,0,False
2rad-leuer.de,timeout,,False,0,0,False
2sisters2getherboutique.com,timeout,,False,0,0,False
2wheelersmc.com,timeout,,False,0,0,False
3-pocky.jp,timeout,,False,0,0,False
300zxclub.com,timeout,,False,0,0,False
306090fitness.com,timeout,,False,0,0,False
313techno.com,timeout,,False,0,0,False
314golf.com,timeout,,False,0,0,False
316media.net,timeout,,False,0,0,False
321burn.com,timeout,,False,0,0,False
3445carstore.com,timeout,,False,0,0,False
360-fundraising.com,timeout,,False,0,0,False
362111.jp,timeout,,False,0,0,False
3bet.us,timeout,,False,0,0,False
3bspecialties.com,timeout,,False,0,0,False
3dthreader.com,timeout,,False,0,0,False
3encores.com,timeout,,False,0,0,False
3horseranchvineyards.com,timeout,,False,0,0,False
3jeeps.com,timeout,,False,0,0,False
3macstudios.com,timeout,,False,0,0,False
3rdnut.com,timeout,,False,0,0,False
3rsaves.com,timeout,,False,0,0,False
3xcstore.com,timeout,,False,0,0,False
40parklane.com,timeout,,False,0,0,False
410bridge.org,timeout,,False,0,0,False
44gallonsweb.com,timeout,,False,0,0,False
44progloves.com,timeout,,False,0,0,False
44spaces.eu,timeout,,False,0,0,False
47mint.com,timeout,,False,0,0,False
47seaglass.com,timeout,,False,0,0,False
47straightposters.com,timeout,,False,0,0,False
48nofat.com,timeout,,False,0,0,False
4cchildcare.org,timeout,,False,0,0,False
4display.com,timeout,,False,0,0,False
4implus.com,timeout,,False,0,0,False
4keyboard.com,timeout,,False,0,0,False
4legs.com.au,timeout,,False,0,0,False
4sh.jp,timeout,,False,0,0,False
4thegospel.org,timeout,,False,0,0,False
4u2go.co.uk,timeout,,False,0,0,False
4upsbattery.com,timeout,,False,0,0,False
4wheelplay.co.uk,timeout,,False,0,0,False
4xquad.net,timeout,,False,0,0,False
50910.jp,timeout,,False,0,0,False
5oclock.com,timeout,,False,0,0,False
63.201.112.13.,timeout,,False,0,0,False
662mob.com,timeout,,False,0,0,False
7-11.com.tw,timeout,,False,0,0,False
72hourprep.com,timeout,,False,0,0,False
79thstreetrugshop.com,timeout,,False,0,0,False
7andy.jp,timeout,,False,0,0,False
7brasil-basicstore.com.br,timeout,,False,0,0,False
7design.info,timeout,,False,0,0,False
7dexperience.com,timeout,,False,0,0,False
7marks.org,timeout,,False,0,0,False
7net.com.tw,timeout,,False,0,0,False
7netshopping.jp,timeout,,False,0,0,False
80scasualclassics.co.uk,timeout,,False,0,0,False
888hi-tech1.com,timeout,,False,0,0,False
88unlimited.com,timeout,,False,0,0,False
8ballcornerpocket.co,timeout,,False,0,0,False
911cares.com,timeout,,False,0,0,False
911ondvd.com,timeout,,False,0,0,False
92zew.net,timeout,,False,0,0,False
95percentgroup.com,timeout,,False,0,0,False
99er-store.com,timeout,,False,0,0,False
9squareintheair.com,timeout,,False,0,0,False
a-gradecigars.com,timeout,,False,0,0,False
a-la-russe.de,timeout,,False,0,0,False
a-link.com,timeout,,False,0,0,False
a-zulauf.ch,timeout,,False,0,0,False
a1.net,timeout,,False,0,0,False
a1distributors.com,timeout,,False,0,0,False
a51tactical.com,timeout,,False,0,0,False
aaaconstructionschool.com,timeout,,False,0,0,False
aablueprint.com,timeout,,False,0,0,False
aacc.net,timeout,,False,0,0,False
aaccbooks.com,timeout,,False,0,0,False
aaczechglass.com,timeout,,False,0,0,False
aaneok.org,timeout,,False,0,0,False
aapgotv.org,timeout,,False,0,0,False
aarn.com,timeout,,False,0,0,False
aarondrakemouthpieces.com,timeout,,False,0,0,False
aaronscitytrains.com,timeout,,False,0,0,False
abareonlineshop.com,timeout,,False,0,0,False
abasg.com,timeout,,False,0,0,False
abbafather.com,timeout,,False,0,0,False
abbf.com,timeout,,False,0,0,False
abbonlinesales.com,timeout,,False,0,0,False
abbymfg.com,timeout,,False,0,0,False
abcbooks.ie,timeout,,False,0,0,False
abcfws.com,timeout,,False,0,0,False
abcmaternitywholesale.com,timeout,,False,0,0,False
abcreps.com,timeout,,False,0,0,False
abcschoolofdriving.com,timeout,,False,0,0,False
abcsupplymart.com,timeout,,False,0,0,False
aber.ac.uk,timeout,,False,0,0,False
aberdeenwatersports.com,timeout,,False,0,0,False
abesformalwear.com,timeout,,False,0,0,False
abhhosting.com,timeout,,False,0,0,False
abiounesswines.com,timeout,,False,0,0,False
abitoftack.com,timeout,,False,0,0,False
abk-outdoor.com,timeout,,False,0,0,False
ablesafe.co.uk,timeout,,False,0,0,False
abletonop.com,timeout,,False,0,0,False
abostickynotes.com,timeout,,False,0,0,False
abound.co.uk,timeout,,False,0,0,False
aboutface4men.com,timeout,,False,0,0,False
abrakadabra.lv,timeout,,False,0,0,False
abrsm.org,timeout,,False,0,0,False
abs-link.com,timeout,,False,0,0,False
absolut-bad.de,timeout,,False,0,0,False
absolutefootcare.com.au,timeout,,False,0,0,False
abts.org,timeout,,False,0,0,False
abyatonline.com,timeout,,False,0,0,False
abysmal.com,timeout,,False,0,0,False
abytal.com,timeout,,False,0,0,False
ac-corporation.com.ph,timeout,,False,0,0,False
academyart.edu,timeout,,False,0,0,False
acadianafishing.com,timeout,,False,0,0,False
accentmaster.com,timeout,,False,0,0,False
accentsonknits.net,timeout,,False,0,0,False
access-24.co.uk,timeout,,False,0,0,False
access2digital.com,timeout,,False,0,0,False
accessemergencymedicine.com,timeout,,False,0,0,False
accessmedicine.com,timeout,,False,0,0,False
accessmylan.com,timeout,,False,0,0,False
accessorizemebydrob.com,timeout,,False,0,0,False
accesssurgery.com,timeout,,False,0,0,False
accesstps.com,timeout,,False,0,0,False
acconmarine.com,timeout,,False,0,0,False
accordionapocalypse.com,timeout,,False,0,0,False
accreditedncschools.com,timeout,,False,0,0,False
accu-chute.com,timeout,,False,0,0,False
accucutstore.com,timeout,,False,0,0,False
acculab.com,timeout,,False,0,0,False
acculink.com,timeout,,False,0,0,False
accusport.com,timeout,,False,0,0,False
accustandard.com,timeout,,False,0,0,False
accutracking.com,timeout,,False,0,0,False
acdsee.com,timeout,,False,0,0,False
ace-it-hosting.com,timeout,,False,0,0,False
ace.jp,timeout,,False,0,0,False
acespirit.com,timeout,,False,0,0,False
aceto-printshop.de,timeout,,False,0,0,False
acf.org,timeout,,False,0,0,False
acgears.com,timeout,,False,0,0,False
achenbachs.com,timeout,,False,0,0,False
achwieschoen.com,timeout,,False,0,0,False
aclaraciones.com.mx,timeout,,False,0,0,False
aclaytonworldwide.com,timeout,,False,0,0,False
aclr8.com,timeout,,False,0,0,False
acmeapproved.com,timeout,,False,0,0,False
acmelocksmith.com,timeout,,False,0,0,False
acmeun.com,timeout,,False,0,0,False
acmeunited.com,timeout,,False,0,0,False
acmilan.com,timeout,,False,0,0,False
acnhomesecurity2.com,timeout,,False,0,0,False
acombe.com,timeout,,False,0,0,False
acornercottage.net,timeout,,False,0,0,False
acousticsounds.com,timeout,,False,0,0,False
acousticstandards.com,timeout,,False,0,0,False
acraftershaven.net,timeout,,False,0,0,False
acrllc.com,timeout,,False,0,0,False
acroasters.com,timeout,,False,0,0,False
acrylictankmanufacturing.com,timeout,,False,0,0,False
acrytech.com,timeout,,False,0,0,False
acs-engraving.co.uk,timeout,,False,0,0,False
acsonlinestore.co.uk,timeout,,False,0,0,False
acsupplyllc.com,timeout,,False,0,0,False
actcancer.org,timeout,,False,0,0,False
actinicexpress.co.uk,timeout,,False,0,0,False
actionhobbieskingsville.com,timeout,,False,0,0,False
activeandable.com,timeout,,False,0,0,False
activheat.com,timeout,,False,0,0,False
acton.org,timeout,,False,0,0,False
acunibookstore.com,timeout,,False,0,0,False
acurashutters.com,timeout,,False,0,0,False
adameducation.com,timeout,,False,0,0,False
adamscott.com,timeout,,False,0,0,False
addhelium.com,timeout,,False,0,0,False
additionsdirect.co.uk,timeout,,False,0,0,False
addresslighting.com,timeout,,False,0,0,False
adidas.jp,timeout,,False,0,0,False
adirondacktonewood.com,timeout,,False,0,0,False
adit4less.com,timeout,,False,0,0,False
adjustdesk.com,timeout,,False,0,0,False
adkbackpackingsupply.com,timeout,,False,0,0,False
adogsdreamseattle.com,timeout,,False,0,0,False
adoptabull.org,timeout,,False,0,0,False
adorama.com,timeout,,False,0,0,False
adressendiscount.de,timeout,,False,0,0,False
adsenv.com,timeout,,False,0,0,False
adthree.com,timeout,,False,0,0,False
adultsensualstor.com,timeout,,False,0,0,False
adv-derm.com,timeout,,False,0,0,False
advance-corporation.com,timeout,,False,0,0,False
advancecarbon.com,timeout,,False,0,0,False
advancedmusclescience.com,timeout,,False,0,0,False
advancedsports.com,timeout,,False,0,0,False
advantagepb.com,timeout,,False,0,0,False
adventurekidsplaycare.com,timeout,,False,0,0,False
adventureproducts.co.uk,timeout,,False,0,0,False
adventures-in-alaska.com,timeout,,False,0,0,False
adventureshop.co.uk,timeout,,False,0,0,False
advisorguideonline.com,timeout,,False,0,0,False
aedbrands.com,timeout,,False,0,0,False
aemlinc.com,timeout,,False,0,0,False
aerogarden.com.au,timeout,,False,0,0,False
aeroleds.com,timeout,,False,0,0,False
aerospacecomponents.com,timeout,,False,0,0,False
aesdl.com,timeout,,False,0,0,False
aesthetics-online.org,timeout,,False,0,0,False
aestheticssuppliesbybertha.com,timeout,,False,0,0,False
aetka.de,timeout,,False,0,0,False
aeura.com,timeout,,False,0,0,False
afasilkscreendesigns.com,timeout,,False,0,0,False
afc.co.uk,timeout,,False,0,0,False
afcanada.com,timeout,,False,0,0,False
affinitasnetworks.com,timeout,,False,0,0,False
affirmxl.com,timeout,,False,0,0,False
aflac-shop.jp,timeout,,False,0,0,False
aflacshop-order.jp,timeout,,False,0,0,False
aflfootyshop.com.au,timeout,,False,0,0,False
africandelights.com.au,timeout,,False,0,0,False
afrikanspirit.com,timeout,,False,0,0,False
afsbagman.com,timeout,,False,0,0,False
afservices.com,timeout,,False,0,0,False
afterglowcosmetics.com,timeout,,False,0,0,False
againstbreastcancer.org.uk,timeout,,False,0,0,False
agedcubans.co.uk,timeout,,False,0,0,False
ageexpert.com,timeout,,False,0,0,False
agenda.co.jp,timeout,,False,0,0,False
ageocci.or.jp,timeout,,False,0,0,False
agestribalarts.com,timeout,,False,0,0,False
aggressivecalls.com,timeout,,False,0,0,False
agjeans.com,timeout,,False,0,0,False
agreenbrain.com,timeout,,False,0,0,False
agriculturalpollenextractor.com,timeout,,False,0,0,False
aheconline.com,timeout,,False,0,0,False
ahgonline.org,timeout,,False,0,0,False
ahilearnbookstore.com,timeout,,False,0,0,False
ahinc.com,timeout,,False,0,0,False
aholidaymemory.com,timeout,,False,0,0,False
ahs.com,timeout,,False,0,0,False
ahsgr.org,timeout,,False,0,0,False
ahuniform.com,timeout,,False,0,0,False
ai-suzuki.co.jp,timeout,,False,0,0,False
aicp.com,timeout,,False,0,0,False
aidanceproducts.com,timeout,,False,0,0,False
aidansmark.com,timeout,,False,0,0,False
aidells.com,timeout,,False,0,0,False
aidibiomedical.com,timeout,,False,0,0,False
aigroup.com.au,timeout,,False,0,0,False
aigs1.com,timeout,,False,0,0,False
aikotradingstore.com,timeout,,False,0,0,False
aimer.jp,timeout,,False,0,0,False
aimerfeel-shop.jp,timeout,,False,0,0,False
aimerfeel.jp,timeout,,False,0,0,False
aimkon.com,timeout,,False,0,0,False
aimsedu.org,timeout,,False,0,0,False
airbornesensor.com,timeout,,False,0,0,False
aircooledtechnology.com,timeout,,False,0,0,False
airgundesignsusa.com,timeout,,False,0,0,False
airlinehobbyshop.com,timeout,,False,0,0,False
airliners.de,timeout,,False,0,0,False
airportpilotshop.com,timeout,,False,0,0,False
airportsafetystore.com,timeout,,False,0,0,False
airrace.org,timeout,,False,0,0,False
airsupplytools.com,timeout,,False,0,0,False
airtelaustralia.com.au,timeout,,False,0,0,False
airtravellermag.co.uk,timeout,,False,0,0,False
airweb.org,timeout,,False,0,0,False
aisan-is.jp,timeout,,False,0,0,False
aivlasoft.com,timeout,,False,0,0,False
aiya-america.com,timeout,,False,0,0,False
ajaxref.com,timeout,,False,0,0,False
ajcommunications.co.uk,timeout,,False,0,0,False
ajeschel.com,timeout,,False,0,0,False
ajga.org,timeout,,False,0,0,False
ajnacollection.com,timeout,,False,0,0,False
akachan.jp,timeout,,False,0,0,False
akadiving.com,timeout,,False,0,0,False
akashahealingstudio.com,timeout,,False,0,0,False
akfabilisim.com,timeout,,False,0,0,False
akfamily.com,timeout,,False,0,0,False
akilitea.com,timeout,,False,0,0,False
akite.net,timeout,,False,0,0,False
akiworld.co.jp,timeout,,False,0,0,False
akjbooks.com,timeout,,False,0,0,False
akku.net,timeout,,False,0,0,False
akkudo.de,timeout,,False,0,0,False
akmall.com,timeout,,False,0,0,False
akmembers.com,timeout,,False,0,0,False
akp-plus-shop.de,timeout,,False,0,0,False
akplaza.com,timeout,,False,0,0,False
akpsi.org,timeout,,False,0,0,False
aktiv.com,timeout,,False,0,0,False
al-japan.com,timeout,,False,0,0,False
alabamabook.com,timeout,,False,0,0,False
aladiesplace.com,timeout,,False,0,0,False
alamodish.com,timeout,,False,0,0,False
alamomusic.com,timeout,,False,0,0,False
alamopachyderm.org,timeout,,False,0,0,False
alansfactoryoutlet.com,timeout,,False,0,0,False
alaskahcg.com,timeout,,False,0,0,False
alaskamillandfeed.com,timeout,,False,0,0,False
alaskamint.com,timeout,,False,0,0,False
alaskanative.net,timeout,,False,0,0,False
alaskansushi.com,timeout,,False,0,0,False
albaberlin.de,timeout,,False,0,0,False
alberoincantato.com,timeout,,False,0,0,False
alberta-discount-sex-shop.com,timeout,,False,0,0,False
albertabeautysystem.com,timeout,,False,0,0,False
albinism.org,timeout,,False,0,0,False
albstaedter-seifen.de,timeout,,False,0,0,False
albumphoto-medion.fr,timeout,,False,0,0,False
alc.co.jp,timeout,,False,0,0,False
alchemistbeer.com,timeout,,False,0,0,False
alchimie-forever.com,timeout,,False,0,0,False
alcoashop.com,timeout,,False,0,0,False
alcoholfree.co.uk,timeout,,False,0,0,False
aldoleopold.org,timeout,,False,0,0,False
alertmedical.com,timeout,,False,0,0,False
alestebrand.com,timeout,,False,0,0,False
alexandraamaro.com,timeout,,False,0,0,False
alfateersrvservice.com,timeout,,False,0,0,False
alfredssportsshop.com,timeout,,False,0,0,False
alfsgolf.com,timeout,,False,0,0,False
algosolutions.com,timeout,,False,0,0,False
alhctc.info,timeout,,False,0,0,False
aliansce.com.br,timeout,,False,0,0,False
alice-im-tintenland.de,timeout,,False,0,0,False
alicesrestaurant.com,timeout,,False,0,0,False
aliciaperu.com,timeout,,False,0,0,False
alinabstudios.com,timeout,,False,0,0,False
alishan.jp,timeout,,False,0,0,False
alislight.com,timeout,,False,0,0,False
alive.com,timeout,,False,0,0,False
all-shine.net,timeout,,False,0,0,False
all4babymom.com,timeout,,False,0,0,False
allante.com,timeout,,False,0,0,False
allbibles.com,timeout,,False,0,0,False
allclean.de,timeout,,False,0,0,False
alleewillis.com,timeout,,False,0,0,False
alleghenygrille.com,timeout,,False,0,0,False
allegroboardsports.com,timeout,,False,0,0,False
allenave.com,timeout,,False,0,0,False
allergyfreeshop.com.au,timeout,,False,0,0,False
allergyreliefstore.com,timeout,,False,0,0,False
allergystore.com,timeout,,False,0,0,False
alles-fussball-shop.de,timeout,,False,0,0,False
alliancemicro.com,timeout,,False,0,0,False
allin1store.net,timeout,,False,0,0,False
allindelille-skole.dk,timeout,,False,0,0,False
allisonboard.com,timeout,,False,0,0,False
allisoncraftdesigns.com,timeout,,False,0,0,False
alljewishlinks.com,timeout,,False,0,0,False
allkindsofgear.com,timeout,,False,0,0,False
allnaturalliving.com,timeout,,False,0,0,False
allnueboutique.com,timeout,,False,0,0,False
allphasesecurity.com,timeout,,False,0,0,False
allphones.com.au,timeout,,False,0,0,False
allpicnictables.com,timeout,,False,0,0,False
allplayers.com,timeout,,False,0,0,False
allpromailingequipment.com,timeout,,False,0,0,False
allroadsat.com,timeout,,False,0,0,False
allspars.co.uk,timeout,,False,0,0,False
allsportcouture.com,timeout,,False,0,0,False
allsportsetcfangear.com,timeout,,False,0,0,False
allsportspublishing.com,timeout,,False,0,0,False
allstarmedicalllc.com,timeout,,False,0,0,False
allstatetrailers.com,timeout,,False,0,0,False
allsystemswireless.com,timeout,,False,0,0,False
allthingscountryonline.com,timeout,,False,0,0,False
allthingsdutch.com,timeout,,False,0,0,False
allthiswood.com,timeout,,False,0,0,False
alltp.com,timeout,,False,0,0,False
alltreats.com,timeout,,False,0,0,False
allwhiteboards.com,timeout,,False,0,0,False
allwiredupjewelrydesigns.com,timeout,,False,0,0,False
allworldshops.com,timeout,,False,0,0,False
alm-store.de,timeout,,False,0,0,False
almog.ch,timeout,,False,0,0,False
aloeelite.com,timeout,,False,0,0,False
alohaplumeria.net,timeout,,False,0,0,False
alohaseed.com,timeout,,False,0,0,False
alohavillas.com,timeout,,False,0,0,False
alopexproductions.co.uk,timeout,,False,0,0,False
alpenrose.co.at,timeout,,False,0,0,False
alpha-stim.com,timeout,,False,0,0,False
alphacheckpoint.com,timeout,,False,0,0,False
alphamusic.com.au,timeout,,False,0,0,False
alphanautical.com,timeout,,False,0,0,False
alphasourcemarketing.com,timeout,,False,0,0,False
alpine-usa.com,timeout,,False,0,0,False
alpine.co.jp,timeout,,False,0,0,False
alpineer.com,timeout,,False,0,0,False
alpineguides.co.nz,timeout,,False,0,0,False
alpineshop.com,timeout,,False,0,0,False
alpinesportinggoods.com,timeout,,False,0,0,False
alpinewarehouse.com,timeout,,False,0,0,False
alpinist.com,timeout,,False,0,0,False
alross.com,timeout,,False,0,0,False
alsaweb.ca,timeout,,False,0,0,False
alscoffee.com,timeout,,False,0,0,False
altconnect.com,timeout,,False,0,0,False
altebrennerei.com,timeout,,False,0,0,False
altedirect.com,timeout,,False,0,0,False
alteelektronik.com.tr,timeout,,False,0,0,False
altenergystore.com,timeout,,False,0,0,False
alterbrooklyn.com,timeout,,False,0,0,False
altered-history.com,timeout,,False,0,0,False
alternativeelectrodes.com,timeout,,False,0,0,False
alternativly.co.il,timeout,,False,0,0,False
alternatorparts.com,timeout,,False,0,0,False
alternityhealthcare.com,timeout,,False,0,0,False
altestore.com,timeout,,False,0,0,False
altmedicineshop.com,timeout,,False,0,0,False
altoonastation.com,timeout,,False,0,0,False
altschul.de,timeout,,False,0,0,False
alusshop.com.mx,timeout,,False,0,0,False
alv.se,timeout,,False,0,0,False
alvaraalto.fi,timeout,,False,0,0,False
alvinclayman.com,timeout,,False,0,0,False
alyssapowellphotography.com,timeout,,False,0,0,False
amadana.com,timeout,,False,0,0,False
amal.net,timeout,,False,0,0,False
amanashops.com,timeout,,False,0,0,False
amandaliving.de,timeout,,False,0,0,False
amano.com,timeout,,False,0,0,False
amarello.com.mx,timeout,,False,0,0,False
amazingathletes.com,timeout,,False,0,0,False
amazingtails.com,timeout,,False,0,0,False
amazon.com,timeout,,False,0,0,False
amazonbeautysecret.com,timeout,,False,0,0,False
amazonia.ca,timeout,,False,0,0,False
amb3r.com,timeout,,False,0,0,False
ambassadorbookstores.com,timeout,,False,0,0,False
ambassadortickets.com,timeout,,False,0,0,False
ambercentre.com,timeout,,False,0,0,False
ambiguousorange.com,timeout,,False,0,0,False
ambtools.com,active,,False,0,0,False
american-bass-shop.com,active,,False,0,0,False
americanantiquescompany.com,timeout,,False,0,0,False
americanbeadboard.com,active,,False,0,0,False
americanbookstore.com.au,active,,False,0,0,False
americancertifiedbullion.com,active,,False,0,0,False
americancrewshop.com,timeout,,False,0,0,False
americandiscco.com,dead,,False,0,0,False
americanfighteraces.org,active,,False,0,0,False
americanfolkfestival.com,active,,False,0,0,False
americangirl.com,active,,False,0,1,False
americanlamb.com,http_202,,False,0,0,False
americanredneckassociation.com,active,,False,0,0,False
americanroadmagazine.com,active,,False,0,0,False
americansecuritychallenge.com,timeout,,False,0,0,False
americansymphony.org,active,,False,0,0,False
americanteachingsupply.com,active,,False,0,0,False
americasbestsleep.com,timeout,,False,0,0,False
amerimeddirect.com,timeout,,False,0,0,False
ameritek.net,http_404,,False,0,0,False
amestile.com,active,,False,0,1,False
amfmonline.com,timeout,,False,0,0,False
amicashop.com,timeout,,False,0,0,False
amigosdebolsachica.org,timeout,,False,0,0,False
amishoutletstore.com,timeout,,False,0,0,False
amkidstore.com,active,,False,0,0,False
ammeds.com,timeout,,False,0,0,False
ammo-connection.com,timeout,,False,0,0,False
amnh.org,http_403,,False,0,0,False
amnights.com,dead,,False,0,0,False
amos-style.jp,timeout,,False,0,0,False
amosilq.com,active,,False,0,0,False
amospewter.com,timeout,,False,0,0,False
amotherstouchjewelry.com,timeout,,False,0,0,False
ampersandshops.com,active,,False,0,0,False
amputee-coalition.org,http_403,,False,0,0,False
amritkala.com,active_ecommerce,shopify,True,3,5,False
amromusicrentals.com,timeout,,False,0,0,False
amshockey.com,timeout,,False,0,0,False
amsos.com,timeout,,False,0,0,False
amspianotools.com,timeout,,False,0,0,False
amsterdamllc.com,timeout,,False,0,0,False
amtelco.com,timeout,,False,0,0,False
amtrakcalifornia.com,timeout,,False,0,0,False
amwaygrand.com,timeout,,False,0,0,False
amysgaloreshop.info,timeout,,False,0,0,False
anadem.com,timeout,,False,0,0,False
anafesta.com,timeout,,False,0,0,False
analtech.com,timeout,,False,0,0,False
anatabloc.com,timeout,,False,0,0,False
ancientharvestquinoa.com,timeout,,False,0,0,False
ancientroom.com,timeout,,False,0,0,False
ancienttreearchive.org,timeout,,False,0,0,False
and-market.com,timeout,,False,0,0,False
and1.jp,timeout,,False,0,0,False
andersonpower.com,timeout,,False,0,0,False
andom-tec.at,timeout,,False,0,0,False
andraschkokaffee.com,timeout,,False,0,0,False
andreorganiclavender.com,timeout,,False,0,0,False
andres-online.com,timeout,,False,0,0,False
androbook.net,timeout,,False,0,0,False
android-schweiz.ch,timeout,,False,0,0,False
androidacademy.com,timeout,,False,0,0,False
androidstickers.com,timeout,,False,0,0,False
anewleafteaco.com,timeout,,False,0,0,False
angelfirenmvacations.com,timeout,,False,0,0,False
angelosorrenti.com,timeout,,False,0,0,False
anglerwest.com,timeout,,False,0,0,False
anglia.ac.uk,timeout,,False,0,0,False
angusrobertson.com.au,timeout,,False,0,0,False
animalbikes.com,timeout,,False,0,0,False
animalfashionsbyjordan.com,timeout,,False,0,0,False
animalillumination.com,timeout,,False,0,0,False
animalmedcenter.com,timeout,,False,0,0,False
animate-onlineshop.jp,timeout,,False,0,0,False
animate.co.jp,timeout,,False,0,0,False
animeboss.com,timeout,,False,0,0,False
ankar.ru,timeout,,False,0,0,False
annestore.ca,timeout,,False,0,0,False
anniemargarita.com,timeout,,False,0,0,False
annoyanceproductions.com,timeout,,False,0,0,False
annswigs.com,timeout,,False,0,0,False
anomalyentertainment.com,timeout,,False,0,0,False
anrwildlife.com,timeout,,False,0,0,False
anseladams.com,timeout,,False,0,0,False
anshelot.com,timeout,,False,0,0,False
anshin.co.jp,timeout,,False,0,0,False
ansinkaigo.jp,timeout,,False,0,0,False
answersbc.org,timeout,,False,0,0,False
answersingenesis.org,timeout,,False,0,0,False
antec.com,timeout,,False,0,0,False
antera-motoren.de,timeout,,False,0,0,False
anticimex.com,timeout,,False,0,0,False
antiquecruisers.com,timeout,,False,0,0,False
antiquelinen.com,timeout,,False,0,0,False
antisparkle.com,timeout,,False,0,0,False
antivir-pe.de,timeout,,False,0,0,False
antram.com,timeout,,False,0,0,False
anutra.com,timeout,,False,0,0,False
anxieties.com,timeout,,False,0,0,False
aoksupplies.net,timeout,,False,0,0,False
aotoc.jp,timeout,,False,0,0,False
aoyamahanamohonten.jp,timeout,,False,0,0,False
apawfectdog.com,timeout,,False,0,0,False
apdistributors.com,timeout,,False,0,0,False
apdshop.com,timeout,,False,0,0,False
aperfumery.com,timeout,,False,0,0,False
apeuk.org,timeout,,False,0,0,False
apex-window-film-store.com,timeout,,False,0,0,False
apexauctions.de,timeout,,False,0,0,False
apexhali.com,timeout,,False,0,0,False
apexspeedtech.com,timeout,,False,0,0,False
aph.org,timeout,,False,0,0,False
apicultur.com,timeout,,False,0,0,False
apintl.com,timeout,,False,0,0,False
apliiq.com,timeout,,False,0,0,False
apluscomputers.com,timeout,,False,0,0,False
apnuk.com,timeout,,False,0,0,False
apocalypseministries.org,timeout,,False,0,0,False
apolena.com,timeout,,False,0,0,False
apologia.com,timeout,,False,0,0,False
apotekid.is,timeout,,False,0,0,False
app-fenster.de,timeout,,False,0,0,False
appeal-net.com,timeout,,False,0,0,False
applauseformalattire.com,timeout,,False,0,0,False
apple.com,timeout,,False,0,0,False
apple.com.pt,timeout,,False,0,0,False
apple.gr,timeout,,False,0,0,False
apple4less.com,timeout,,False,0,0,False
applebiter.com,timeout,,False,0,0,False
applehealthstore.com,timeout,,False,0,0,False
applevalleystore.com,timeout,,False,0,0,False
appliedbiosystems.com,timeout,,False,0,0,False
appliedlogiceng.com,timeout,,False,0,0,False
appligent.com,timeout,,False,0,0,False
appota.com,timeout,,False,0,0,False
appsreeds.com,timeout,,False,0,0,False
apptepublishing.com,timeout,,False,0,0,False
apqs.com,timeout,,False,0,0,False
april.co.il,timeout,,False,0,0,False
aprnworld.com,timeout,,False,0,0,False
apruve.com,timeout,,False,0,0,False
apsonlinesite.com,timeout,,False,0,0,False
apsubookstore.com,timeout,,False,0,0,False
apt-cake.com,timeout,,False,0,0,False
aptalispharma.com,timeout,,False,0,0,False
aqua-fun.com,timeout,,False,0,0,False
aqua.org,timeout,,False,0,0,False
aquaart.com,timeout,,False,0,0,False
aquaexperts.de,timeout,,False,0,0,False
aquafire.ie,timeout,,False,0,0,False
aqualityshop.com,timeout,,False,0,0,False
aquaponics.com,timeout,,False,0,0,False
aquarium-laden.de,timeout,,False,0,0,False
aquascapeinc.com,timeout,,False,0,0,False
aquashop.com.au,timeout,,False,0,0,False
aquatechnologygroup.com,timeout,,False,0,0,False
aquatouch.com,timeout,,False,0,0,False
aquelajapan.com,timeout,,False,0,0,False
aqueoustech.com,timeout,,False,0,0,False
aquiltforever.com,timeout,,False,0,0,False
aquinasandmore.com,timeout,,False,0,0,False
araicamera.com,timeout,,False,0,0,False
araicamera.net,timeout,,False,0,0,False
arborjet.com,timeout,,False,0,0,False
arbroinc.com,timeout,,False,0,0,False
arc-texas.com,timeout,,False,0,0,False
arcadian.com,timeout,,False,0,0,False
arcangelsdesign.com,timeout,,False,0,0,False
arcanglesolutions.com,timeout,,False,0,0,False
arcanoshop.com.br,timeout,,False,0,0,False
archerycountry.com,timeout,,False,0,0,False
archos.com,timeout,,False,0,0,False
archvision.com,timeout,,False,0,0,False
archysrockshop.com,timeout,,False,0,0,False
arcralliance.com,timeout,,False,0,0,False
arcstore.com,timeout,,False,0,0,False
arctg.com,timeout,,False,0,0,False
arcticcreations.com,timeout,,False,0,0,False
arcticpaper.com,timeout,,False,0,0,False
areejcosmetics.com,timeout,,False,0,0,False
areyakoreya.com,timeout,,False,0,0,False
areyouprepared.com,timeout,,False,0,0,False
argentechsolutions.net,timeout,,False,0,0,False
argento.co.uk,timeout,,False,0,0,False
argonautliquor.com,timeout,,False,0,0,False
ariakenet.com,timeout,,False,0,0,False
arisonrecords.com,timeout,,False,0,0,False
arizonabiltmore.com,timeout,,False,0,0,False
arizonaironwood.com,timeout,,False,0,0,False
arjenmulderfotografie.com,timeout,,False,0,0,False
arkansasrazorbacks.com,timeout,,False,0,0,False
arkdesignstudios.com,timeout,,False,0,0,False
armida.com,timeout,,False,0,0,False
armorsurf.com,timeout,,False,0,0,False
army-navy-store.com,timeout,,False,0,0,False
armynavystoreinc.com,timeout,,False,0,0,False
armynavyusa.com,timeout,,False,0,0,False
armyourself.info,timeout,,False,0,0,False
armysurplus.com,timeout,,False,0,0,False
arnoldsboatshop.com.au,timeout,,False,0,0,False
arockettothemoon.net,timeout,,False,0,0,False
aromasgourmetcoffee.com,timeout,,False,0,0,False
aroundkent.net,timeout,,False,0,0,False
aroundtheworldnyc.com,timeout,,False,0,0,False
arpsracing.com,timeout,,False,0,0,False
arquitexto.com,timeout,,False,0,0,False
arrojoproduct.com,timeout,,False,0,0,False
arrowfastener.com,timeout,,False,0,0,False
arrowhead-alpacas.com,timeout,,False,0,0,False
ars-vivendi.com,timeout,,False,0,0,False
ars-vivendi.de,timeout,,False,0,0,False
arsmundi.com,timeout,,False,0,0,False
arss.com,timeout,,False,0,0,False
artandjewelrybyerica.com,timeout,,False,0,0,False
artesanosdesign.com,timeout,,False,0,0,False
artgalleryoutlet.com,timeout,,False,0,0,False
arthuravenuecigars.com,timeout,,False,0,0,False
arthurwerner.com,timeout,,False,0,0,False
articulate.com,timeout,,False,0,0,False
artisanalbistro.com,timeout,,False,0,0,False
artisanexchange.net,timeout,,False,0,0,False
artishock.nl,timeout,,False,0,0,False
artisticceramics.net,timeout,,False,0,0,False
artisticconcretesupplies.com,timeout,,False,0,0,False
artisticimages2.com,timeout,,False,0,0,False
artmanchester.com,timeout,,False,0,0,False
artnexus.com,timeout,,False,0,0,False
artofliving.org,timeout,,False,0,0,False
artofrecruiting.com,timeout,,False,0,0,False
artprize.org,timeout,,False,0,0,False
artscorps.org,timeout,,False,0,0,False
artsdirectgallery.com,timeout,,False,0,0,False
artsinmotiontheater.com,timeout,,False,0,0,False
artsmusicshop.com,timeout,,False,0,0,False
artventureus.com,timeout,,False,0,0,False
artwood.com,timeout,,False,0,0,False
artworkontile.com,timeout,,False,0,0,False
arunnerscircle.com,timeout,,False,0,0,False
as-garten.de,timeout,,False,0,0,False
as9100store.com,timeout,,False,0,0,False
asahi.co.jp,timeout,,False,0,0,False
asaonlinebookstore.com,timeout,,False,0,0,False
asappawn.com,timeout,,False,0,0,False
asbee.jp,timeout,,False,0,0,False
ascentahealth.com,timeout,,False,0,0,False
ascentive.com,timeout,,False,0,0,False
ascotchang.com,timeout,,False,0,0,False
asda-gifts.co.uk,timeout,,False,0,0,False
asda.com,timeout,,False,0,0,False
asdamobile.com,timeout,,False,0,0,False
ase-rammstufe.de,timeout,,False,0,0,False
aseastore.ca,timeout,,False,0,0,False
ashi.org,timeout,,False,0,0,False
ashleypetite.com,timeout,,False,0,0,False
ashleys-tokyo.co.jp,timeout,,False,0,0,False
ashsales.com,timeout,,False,0,0,False
asidillinois.com,timeout,,False,0,0,False
asisi.de,timeout,,False,0,0,False
asjtrust.com,timeout,,False,0,0,False
ask946.com,timeout,,False,0,0,False
askdrdougnow.com,timeout,,False,0,0,False
askuraworld-shop.com,timeout,,False,0,0,False
asle.tv,timeout,,False,0,0,False
aso-kougenhotel.com,timeout,,False,0,0,False
asoa.org,timeout,,False,0,0,False
asolutions.co.jp,timeout,,False,0,0,False
asouthernutahcounselingexperience.com,timeout,,False,0,0,False
asp-ag.com,timeout,,False,0,0,False
aspeneast.com,timeout,,False,0,0,False
aspeneclectic.com,timeout,,False,0,0,False
aspensnowmass.com,timeout,,False,0,0,False
aspero.de,timeout,,False,0,0,False
aspexcorp.com,timeout,,False,0,0,False
assessor.com.au,timeout,,False,0,0,False
assistanceleaguetucson.org,timeout,,False,0,0,False
assistedlivingstore.com,timeout,,False,0,0,False
assnoffice.com,timeout,,False,0,0,False
astaraskincare.com,timeout,,False,0,0,False
astonmartin.com,timeout,,False,0,0,False
astro-p.co.jp,timeout,,False,0,0,False
astro-shop.com,timeout,,False,0,0,False
astrocenter.com,timeout,,False,0,0,False
astron.co.jp,timeout,,False,0,0,False
asunbookstore.org,timeout,,False,0,0,False
asyoulikeitsilvershop.com,timeout,,False,0,0,False
at-a.ch,timeout,,False,0,0,False
atarasiimura.com,timeout,,False,0,0,False
atcons.de,timeout,,False,0,0,False
atctrailstore.org,timeout,,False,0,0,False
ateles.se,timeout,,False,0,0,False
aterm.jp,timeout,,False,0,0,False
athenafem.co.uk,timeout,,False,0,0,False
athensscreen.com,timeout,,False,0,0,False
athentikos.com,timeout,,False,0,0,False
athleonpublisher.com,timeout,,False,0,0,False
atjdancewear.com,timeout,,False,0,0,False
atkenco.com,timeout,,False,0,0,False
atkinsangling.com,timeout,,False,0,0,False
atlantakilts.com,timeout,,False,0,0,False
atlanticaquabed.de,timeout,,False,0,0,False
atlanticbodyboards.com,timeout,,False,0,0,False
atlantictimesystems.com,timeout,,False,0,0,False
atlantictowers.com,timeout,,False,0,0,False
atlasschoolstore.com,timeout,,False,0,0,False
atlasshruggedmovie.com,timeout,,False,0,0,False
atlona.co.uk,timeout,,False,0,0,False
atlus.co.jp,timeout,,False,0,0,False
atmr.nl,timeout,,False,0,0,False
atocgifts.com,timeout,,False,0,0,False
atomic-clock.org.uk,timeout,,False,0,0,False
atomicinvites.com,timeout,,False,0,0,False
atomik-kemistry.com,timeout,,False,0,0,False
atomikarts.com,timeout,,False,0,0,False
atopinavi.com,timeout,,False,0,0,False
atoscentral.com,timeout,,False,0,0,False
atosho.com,timeout,,False,0,0,False
atozteacherstuff.com,timeout,,False,0,0,False
atprint.com,timeout,,False,0,0,False
atsdirect.org,timeout,,False,0,0,False
atshop.bg,timeout,,False,0,0,False
attheskylines.com,timeout,,False,0,0,False
attur.es,timeout,,False,0,0,False
atvmanualstore.com,timeout,,False,0,0,False
atyourdoorapparel.com,timeout,,False,0,0,False
auction.co.kr,timeout,,False,0,0,False
audi-okazaki.com,timeout,,False,0,0,False
audi.com,timeout,,False,0,0,False
audiamo.com,timeout,,False,0,0,False
audio-city.de,timeout,,False,0,0,False
audio-life.nl,timeout,,False,0,0,False
audiodawg.com,timeout,,False,0,0,False
audioimages.co.uk,timeout,,False,0,0,False
audiointelligent.com,timeout,,False,0,0,False
audiosysteme.net,timeout,,False,0,0,False
audiowarehouse.com,timeout,,False,0,0,False
auer-verlag.de,timeout,,False,0,0,False
augsburgfortress.org,timeout,,False,0,0,False
augustineinstitute.org,timeout,,False,0,0,False
aunaturelayurveda.com,timeout,,False,0,0,False
auntjoanieschocolate.com,timeout,,False,0,0,False
aurora-lawnmower.com,timeout,,False,0,0,False
auslogics.com,timeout,,False,0,0,False
aussiehomeandland.com.au,timeout,,False,0,0,False
aussieimportcompany.com,timeout,,False,0,0,False
aussieinternet.com.au,timeout,,False,0,0,False
austhold.com.au,timeout,,False,0,0,False
austin.org.au,timeout,,False,0,0,False
austinboutique.com,timeout,,False,0,0,False
austinjavacoffee.com,timeout,,False,0,0,False
australiagift.com.au,timeout,,False,0,0,False
australiagift.net,timeout,,False,0,0,False
australianaviation.com.au,timeout,,False,0,0,False
australiasouvenir.com,timeout,,False,0,0,False
authenticdreamcatcherstudio.com,timeout,,False,0,0,False
authentichomeliving.com,timeout,,False,0,0,False
authenticrecordsonline.com,timeout,,False,0,0,False
autismspeaks.org,timeout,,False,0,0,False
autocyb.com,timeout,,False,0,0,False
autodesk.co.jp,timeout,,False,0,0,False
autodesk.co.kr,timeout,,False,0,0,False
autodesk.co.uk,timeout,,False,0,0,False
autodesk.com,timeout,,False,0,0,False
autodesk.de,timeout,,False,0,0,False
autodesk.es,timeout,,False,0,0,False
autodesk.eu,timeout,,False,0,0,False
autodesk.fr,timeout,,False,0,0,False
autodesk.it,timeout,,False,0,0,False
autoglym.com,timeout,,False,0,0,False
autohaus-albrecht.com,timeout,,False,0,0,False
automasteramr.com,timeout,,False,0,0,False
automatic-espresso.net,timeout,,False,0,0,False
automatstore.com,timeout,,False,0,0,False
autotechnology.net,timeout,,False,0,0,False
autoteile-preiswert.de,timeout,,False,0,0,False
autovitals.com,timeout,,False,0,0,False
autoworld24.de,timeout,,False,0,0,False
avaandashley.com,timeout,,False,0,0,False
avac.co.jp,timeout,,False,0,0,False
avanset.com,timeout,,False,0,0,False
avantech.com.mt,timeout,,False,0,0,False
avantgardehomefurnishings.com,timeout,,False,0,0,False
avantisscooters.com,timeout,,False,0,0,False
avast.co.jp,timeout,,False,0,0,False
avast.jp,timeout,,False,0,0,False
avast.ru,timeout,,False,0,0,False
avenio.de,timeout,,False,0,0,False
avenuegalleryframe.com,timeout,,False,0,0,False
avery.com,timeout,,False,0,0,False
averyspecialheart.com,timeout,,False,0,0,False
avg.net,timeout,,False,0,0,False
aviacosmetics.com,timeout,,False,0,0,False
aviationjewelrydesigns.com,timeout,,False,0,0,False
aviationmegastore.com,timeout,,False,0,0,False
aviationworld.net,timeout,,False,0,0,False
avic-gps.de,timeout,,False,0,0,False
avidasports.com,timeout,,False,0,0,False
avionics.bz,timeout,,False,0,0,False
avnv.net,timeout,,False,0,0,False
avolitesmedia.com,timeout,,False,0,0,False
avscience.com,timeout,,False,0,0,False
avshop.ca,timeout,,False,0,0,False
avshop.com,timeout,,False,0,0,False
avylan.com,timeout,,False,0,0,False
awakeningfromwithin.com,timeout,,False,0,0,False
awardonline.com,timeout,,False,0,0,False
awardscart.com,timeout,,False,0,0,False
awave.com.au,timeout,,False,0,0,False
awelseboutique.com,timeout,,False,0,0,False
awkwardage.com,timeout,,False,0,0,False
awn.com,timeout,,False,0,0,False
awpwriter.org,timeout,,False,0,0,False
axas.co.jp,timeout,,False,0,0,False
axcanscandipharm.com,timeout,,False,0,0,False
axegrinderz.com,timeout,,False,0,0,False
axelerotraining.com,timeout,,False,0,0,False
axemusic.com,timeout,,False,0,0,False
axesfemme.com,timeout,,False,0,0,False
axiaoffice.com.au,timeout,,False,0,0,False
axiomimages.com,timeout,,False,0,0,False
axiomind.com,timeout,,False,0,0,False
aybara.com,timeout,,False,0,0,False
azabeautysupply.com,timeout,,False,0,0,False
azaleasf.com,timeout,,False,0,0,False
azeotech.com,timeout,,False,0,0,False
azgrowing.com,timeout,,False,0,0,False
aziam.com,timeout,,False,0,0,False
azianistore.com,timeout,,False,0,0,False
azpetshop.com.br,timeout,,False,0,0,False
azps.com,timeout,,False,0,0,False
azstore.ca,timeout,,False,0,0,False
azuniquecabinets.com,timeout,,False,0,0,False
azure-intapp.net,timeout,,False,0,0,False
b-s.de,timeout,,False,0,0,False
b2eden.com,timeout,,False,0,0,False
baberuthleague.org,timeout,,False,0,0,False
babettastore.com,timeout,,False,0,0,False
babiesgalore.com.au,timeout,,False,0,0,False
babyeinstein.com,timeout,,False,0,0,False
babyfaces.com,timeout,,False,0,0,False
babygoose.com.au,timeout,,False,0,0,False
babyonthewaycollection.com,timeout,,False,0,0,False
babyorange.com,timeout,,False,0,0,False
babyplusjapan.com,timeout,,False,0,0,False
babyproofingshop.com,timeout,,False,0,0,False
babyshoweretc.com,timeout,,False,0,0,False
babyspausa.com,timeout,,False,0,0,False
babystore.co.nz,timeout,,False,0,0,False
babyswaporshop.co.uk,timeout,,False,0,0,False
babythings4u.co.uk,timeout,,False,0,0,False
babywearstore.com,timeout,,False,0,0,False
back2school.com.mx,timeout,,False,0,0,False
backcountrypilot.org,timeout,,False,0,0,False
backcountrytreeline.com,timeout,,False,0,0,False
backinthebarn.com,timeout,,False,0,0,False
backpacktravelstore.com,timeout,,False,0,0,False
backroadstactical.com,timeout,,False,0,0,False
backshop-tk.de,timeout,,False,0,0,False
backtohealthindy.com,timeout,,False,0,0,False
backupcounter.com,timeout,,False,0,0,False
backyardbatter.com,timeout,,False,0,0,False
badafi.com,timeout,,False,0,0,False
badart-shop.de,timeout,,False,0,0,False
badasscustomdecals.com,timeout,,False,0,0,False
baddassinc.com,timeout,,False,0,0,False
badgerdog.org,timeout,,False,0,0,False
badgesofhonor.org,timeout,,False,0,0,False
badkissingen.de,timeout,,False,0,0,False
badmonkeyfightshop.com,timeout,,False,0,0,False
baer-manufaktur.de,timeout,,False,0,0,False
baer-schuhe.de,timeout,,False,0,0,False
baerensicher.at,timeout,,False,0,0,False
baerensicher.com,timeout,,False,0,0,False
baerensicher.de,timeout,,False,0,0,False
bag-baggage.com,timeout,,False,0,0,False
bagbutler.net,timeout,,False,0,0,False
bagsetcinc.com,timeout,,False,0,0,False
bahcostore.com,timeout,,False,0,0,False
bahnhof.com,timeout,,False,0,0,False
baitbarge.com,timeout,,False,0,0,False
bakerboy.com,timeout,,False,0,0,False
bakerindustries.org,timeout,,False,0,0,False
balancecare.info,timeout,,False,0,0,False
balanced-bracelets.com,timeout,,False,0,0,False
baldheadvacationhomes.com,timeout,,False,0,0,False
baldur-garten.at,timeout,,False,0,0,False
baldur-garten.ch,timeout,,False,0,0,False
baldur-garten.de,timeout,,False,0,0,False
baldur-nederland.nl,timeout,,False,0,0,False
balloonemporium.com,timeout,,False,0,0,False
balloongoesup.com,timeout,,False,0,0,False
balloonmarket.co.uk,timeout,,False,0,0,False
bally.ch,timeout,,False,0,0,False
bals.co.jp,timeout,,False,0,0,False
balshimd.com,timeout,,False,0,0,False
bamafever.com,timeout,,False,0,0,False
bamastuff.com,timeout,,False,0,0,False
bamboofabricstore.com.au,timeout,,False,0,0,False
bambus-graeserwelten.de,timeout,,False,0,0,False
band-x-media.co.uk,timeout,,False,0,0,False
bandc.net,active,,False,0,0,False
bandccamera.com,active_ecommerce,shopify,True,3,5,False
bandedmallard.com,active,,False,0,0,False
bandel-online.de,timeout,,False,0,0,False
bandtshirts.com.au,active,,False,0,1,True
bankstreetbooks.com,active,,False,0,0,False
bannerengineering.com,active,,False,0,0,False
banquedelimage.com,active_ecommerce,shopify,True,0,2,False
banshiproducts.com,timeout,,False,0,0,False
banxia.com,active,,False,0,0,False
baotreonline.com,active,,False,0,0,False
bapcs.co.uk,active,,False,0,0,False
barackobama.com,active,,False,0,0,False
barbarabacigalupi.com,dead,,False,0,0,False
barbarian.com,timeout,,False,0,0,False
barcelonasauces.com,timeout,,False,0,0,False
bard.org,active,,False,0,0,False
bare.jp,timeout,,False,0,0,False
bareblossombeauty.com,dead,,False,0,0,False
barefootbeachbums.com,http_403,,False,0,0,False
bareminerals.jp,timeout,,False,0,0,False
bargainsforpets.com,timeout,,False,0,0,False
bargeheights.com,timeout,,False,0,0,False
barielle.co.uk,timeout,,False,0,0,False
baristride.co.jp,timeout,,False,0,0,False
barkavenuepetshop.com,timeout,,False,0,0,False
barkingbabes.com,timeout,,False,0,0,False
barknarkles.com,timeout,,False,0,0,False
barlouieamerica.com,timeout,,False,0,0,False
barneyspilotcar.com,active_ecommerce,opencart,True,0,1,False
barns.jp,active_ecommerce,shopify,True,3,5,False
barnyardbmx.com,dead,,False,0,0,False
barondirect.com,timeout,,False,0,0,False
barrel27.jp,dead,,False,0,0,False
barrett-jackson.com,timeout,,False,0,0,False
barrybadpak.nl,active,,False,0,0,False
barryscapezio.com,dead,,False,0,0,False
bartanstore.com,timeout,,False,0,0,False
bartels-logistic.com,timeout,,False,0,0,False
barthelfitness.com,active,,False,0,0,False
barton.com,http_202,,False,0,0,False
bartsgeneralstore.com,timeout,,False,0,0,False
basbleu.com,timeout,,False,0,0,False
baseballcorner.com,timeout,,False,0,0,False
baseballrose.com,timeout,,False,0,0,False
baseballtips.com,timeout,,False,0,0,False
basementbooks.com.au,timeout,,False,0,0,False
basicallybarista.com.au,dead,,False,0,0,False
basketball.ca,active,,False,0,0,False
basketballstore.no,dead,,False,0,0,False
basketballvictoria.com.au,timeout,,False,0,0,False
basquemuseum.com,timeout,,False,0,0,False
bassinetworld.com,timeout,,False,0,0,False
bastelfex.de,timeout,,False,0,0,False
baterbys.com,timeout,,False,0,0,False
bathsuperstore.com,timeout,,False,0,0,False
bathtubstore.com,timeout,,False,0,0,False
batik.com.tr,timeout,,False,0,0,False
battenburglace.info,dead,,False,0,0,False
battenburglace.net,timeout,,False,0,0,False
batterybarnofva.com,active,,False,0,0,False
battleforged.com,timeout,,False,0,0,False
bau-shop-24.de,timeout,,False,0,0,False
bauer-hieber.com,timeout,,False,0,0,False
bauersportshop.com,http_403,,False,0,0,False
baumarkt-goellnitz.de,timeout,,False,0,0,False
bavariasausage.com,timeout,,False,0,0,False
baycontrols.com,timeout,,False,0,0,False
bayerischeregiobahn.de,timeout,,False,0,0,False
baynet.com,active,,False,0,0,False
bayoumetodoubled.com,timeout,,False,0,0,False
bb-lab.com,timeout,,False,0,0,False
bbg.org,timeout,,False,0,0,False
bbiinternational.com,timeout,,False,0,0,False
bbird.biz,timeout,,False,0,0,False
bbj.ca,timeout,,False,0,0,False
bbkingfanclub.net,timeout,,False,0,0,False
bbmagic-shop.de,timeout,,False,0,0,False
bbman.com,timeout,,False,0,0,False
bbqslather.com,timeout,,False,0,0,False
bcbg.jp,timeout,,False,0,0,False
bccheese.com,timeout,,False,0,0,False
bccompany.com,timeout,,False,0,0,False
bcexpressions.com,timeout,,False,0,0,False
bclax.com,timeout,,False,0,0,False
bcltechnologies.com,timeout,,False,0,0,False
bcms.us,timeout,,False,0,0,False
bcphero.com,timeout,,False,0,0,False
bcslabs.com,timeout,,False,0,0,False
bcsmokeshop.ca,timeout,,False,0,0,False
bctctextbooks.com,timeout,,False,0,0,False
bdantivirus.com,timeout,,False,0,0,False
bdsmdiscountstore.com,timeout,,False,0,0,False
bdutyfree.com,timeout,,False,0,0,False
be-fitshop.nl,timeout,,False,0,0,False
beachcityvapors.com,timeout,,False,0,0,False
beachhouselogos.com,timeout,,False,0,0,False
beaclass.com,timeout,,False,0,0,False
beaconhills.vic.edu.au,timeout,,False,0,0,False
beacontest.com,timeout,,False,0,0,False
beamhaus.com,timeout,,False,0,0,False
beamsmedical.com,timeout,,False,0,0,False
beararms.com,timeout,,False,0,0,False
bearfilms.com,timeout,,False,0,0,False
bearnaked.com,timeout,,False,0,0,False
bearswithoutborders.org,timeout,,False,0,0,False
bearventures.net,timeout,,False,0,0,False
beastcoastcustoms.com,timeout,,False,0,0,False
beatingfibromyalgia.com,timeout,,False,0,0,False
beattherobotrecords.com,timeout,,False,0,0,False
beaugear.com,timeout,,False,0,0,False
beautyandthebeach-oc.com,timeout,,False,0,0,False
beautyngifts.com,timeout,,False,0,0,False
beautynhealth.com,timeout,,False,0,0,False
beautyshop.co.nz,timeout,,False,0,0,False
bebenuri.com,timeout,,False,0,0,False
bebestore.com.br,timeout,,False,0,0,False
beckaroos.com,timeout,,False,0,0,False
beckleyboutique.com,timeout,,False,0,0,False
becksbooks.com,timeout,,False,0,0,False
bedandmorestore.com,timeout,,False,0,0,False
bedbandstore.com,timeout,,False,0,0,False
beddingstore.com,timeout,,False,0,0,False
bedfordwinery.com,timeout,,False,0,0,False
bedin.it,timeout,,False,0,0,False
bednbathgallery.com,timeout,,False,0,0,False
bedshopedinburgh.co.uk,timeout,,False,0,0,False
bedsoresolutions.com,timeout,,False,0,0,False
bedwintokyo.com,timeout,,False,0,0,False
beebesports.com,timeout,,False,0,0,False
beechershandmadecheese.com,timeout,,False,0,0,False
beedocs.com,timeout,,False,0,0,False
beef.org,timeout,,False,0,0,False
beefjerkystore.com,timeout,,False,0,0,False
beefusa.org,timeout,,False,0,0,False
beekley.com,timeout,,False,0,0,False
beerplanet.eu,timeout,,False,0,0,False
beersteinsinternational.com,timeout,,False,0,0,False
beertjecreatief.nl,timeout,,False,0,0,False
beertown.org,timeout,,False,0,0,False
beestill.org,timeout,,False,0,0,False
beetebites.com,timeout,,False,0,0,False
beginners-music.com,timeout,,False,0,0,False
begoodcafe.com,timeout,,False,0,0,False
beinduck.com,timeout,,False,0,0,False
beitarfc.co.il,timeout,,False,0,0,False
belaroma.com.au,timeout,,False,0,0,False
beldenplastics.com,timeout,,False,0,0,False
belinecapsules.com,timeout,,False,0,0,False
belk.com,timeout,,False,0,0,False
bellabotanica.com,timeout,,False,0,0,False
bellabugkids.com,timeout,,False,0,0,False
bellaesse.com,timeout,,False,0,0,False
bellafrutta.com,timeout,,False,0,0,False
bellamestore.com,timeout,,False,0,0,False
bellasflowershop.com,timeout,,False,0,0,False
bellaterejewelry.com,timeout,,False,0,0,False
bellatrix.com,timeout,,False,0,0,False
bellemanorfarm.com,timeout,,False,0,0,False
belleup.com,timeout,,False,0,0,False
bellies.ca,timeout,,False,0,0,False
bellshandcrafts.com,timeout,,False,0,0,False
bellybumpboutique.com,timeout,,False,0,0,False
bellydancesilks.com,timeout,,False,0,0,False
belmontbruins.com,timeout,,False,0,0,False
belmontgalleries.com,timeout,,False,0,0,False
beloch-franzbach.de,timeout,,False,0,0,False
bemmel-kroon.nl,timeout,,False,0,0,False
bemona.com,timeout,,False,0,0,False
bems.com,timeout,,False,0,0,False
bendheimartglass.com,timeout,,False,0,0,False
benefitsstore.com,timeout,,False,0,0,False
benefitworld.nu,timeout,,False,0,0,False
benesse.ne.jp,timeout,,False,0,0,False
benessereoil.com,timeout,,False,0,0,False
benisupjewelriesstore.com,timeout,,False,0,0,False
benitogarcia.jp,timeout,,False,0,0,False
benjis-direct.com,timeout,,False,0,0,False
benlee.com,timeout,,False,0,0,False
bennettuomo.com,timeout,,False,0,0,False
benscarts.com,timeout,,False,0,0,False
bent.com,timeout,,False,0,0,False
bentleymotors.com,timeout,,False,0,0,False
beoplay.com,timeout,,False,0,0,False
bergger.com,timeout,,False,0,0,False
berghaus.com,timeout,,False,0,0,False
berkeyfilters.com,timeout,,False,0,0,False
berkeywaterusa.com,timeout,,False,0,0,False
berlet.de,timeout,,False,0,0,False
berliner-zeitung.de,timeout,,False,0,0,False
bermuda-perfumery.com,timeout,,False,0,0,False
bernardofootwear.com,timeout,,False,0,0,False
bernellhydraulics.com,timeout,,False,0,0,False
bernsfinewines.com,timeout,,False,0,0,False
bernsteakhouse.com,timeout,,False,0,0,False
berrybasket.com,timeout,,False,0,0,False
bertholdsecure.com,timeout,,False,0,0,False
beshop.net,timeout,,False,0,0,False
besquare.co,timeout,,False,0,0,False
best-alzheimers-products.com,timeout,,False,0,0,False
bestbathstore.com,timeout,,False,0,0,False
bestbuffer.com,timeout,,False,0,0,False
bestbuy.com,timeout,,False,0,0,False
bestdarnpartsshop.net,timeout,,False,0,0,False
bestdogleashcaddies.com,timeout,,False,0,0,False
bestfriend.co.il,timeout,,False,0,0,False
bestillmusicstore.net,timeout,,False,0,0,False
bestinkstore.com,timeout,,False,0,0,False
bestinshowpetportraits.com,timeout,,False,0,0,False
bestlifestyleus.com,timeout,,False,0,0,False
bestnaturalhealthcenter.com,timeout,,False,0,0,False
bestorthodoxgifts.com,timeout,,False,0,0,False
bestponytales.com,timeout,,False,0,0,False
bestpractical.com,timeout,,False,0,0,False
bestservice3.de,timeout,,False,0,0,False
bestsleepcentre.com,timeout,,False,0,0,False
bestsnakesforkids.com,timeout,,False,0,0,False
besttexastees.com,timeout,,False,0,0,False
bethanyclothingshop.com,timeout,,False,0,0,False
bethelfixtures.com,timeout,,False,0,0,False
bethelseries.com,timeout,,False,0,0,False
bethesdalutherancommunities.org,timeout,,False,0,0,False
bethkeil.com,timeout,,False,0,0,False
betrayedthemovie.com,timeout,,False,0,0,False
betshopitalia.com,timeout,,False,0,0,False
betsycoaching.com,timeout,,False,0,0,False
betsyvintage.com,timeout,,False,0,0,False
betten-abc.de,timeout,,False,0,0,False
bettenjumbo.de,timeout,,False,0,0,False
betterbrittle.com,timeout,,False,0,0,False
betterskin.com.au,timeout,,False,0,0,False
betterskintoday.com,timeout,,False,0,0,False
betterthanaveragellc.com,timeout,,False,0,0,False
betterwayimports.com,timeout,,False,0,0,False
bettingshopservices.com,timeout,,False,0,0,False
bettipot.com,timeout,,False,0,0,False
bettysbypost.com,timeout,,False,0,0,False
bettysinhelen.com,timeout,,False,0,0,False
beurtvaartadres.nl,timeout,,False,0,0,False
beverlyinternational.com,timeout,,False,0,0,False
beyondnutritiononline.com,timeout,,False,0,0,False
beyondtheshore.org,timeout,,False,0,0,False
beyondvintage.com,timeout,,False,0,0,False
beyourownyou.com,timeout,,False,0,0,False
bfw.org,timeout,,False,0,0,False
bi-sta.jp,timeout,,False,0,0,False
bi-su.jp,timeout,,False,0,0,False
bia-sport.com,timeout,,False,0,0,False
bib-arch.org,timeout,,False,0,0,False
bibdazzleme.com,timeout,,False,0,0,False
bibelotshops.com,timeout,,False,0,0,False
bibhu.com,timeout,,False,0,0,False
bible-prophecy.com,timeout,,False,0,0,False
biblesoft.com,timeout,,False,0,0,False
bibop.de,timeout,,False,0,0,False
bici.co.uk,timeout,,False,0,0,False
bicycleczar.com,timeout,,False,0,0,False
bicyclestore.com.au,timeout,,False,0,0,False
bid.tv,timeout,,False,0,0,False
bie.org,timeout,,False,0,0,False
big3packaging.com,timeout,,False,0,0,False
bigatmo.com,timeout,,False,0,0,False
bigbird-shopping.com,timeout,,False,0,0,False
bigbluebaskets.com,timeout,,False,0,0,False
bigboxx.de,timeout,,False,0,0,False
bigbulletbargains.com,timeout,,False,0,0,False
bigcatparty.com,timeout,,False,0,0,False
bigccracing.com,timeout,,False,0,0,False
bigcitychefs.com,timeout,,False,0,0,False
bigdog24.de,timeout,,False,0,0,False
bigdogathletics.com,timeout,,False,0,0,False
bigdoorstore.com,timeout,,False,0,0,False
bigfeetstore.com,timeout,,False,0,0,False
biggameproshop.com,timeout,,False,0,0,False
biggerpicturegroup.com,timeout,,False,0,0,False
biggoldsales.com,timeout,,False,0,0,False
bigi.co.jp,timeout,,False,0,0,False
bigjimsbowcompany.com,timeout,,False,0,0,False
bigkarmyandnavy.com,timeout,,False,0,0,False
biglots.com,timeout,,False,0,0,False
bigmommadonnasbbq.com,timeout,,False,0,0,False
bigpeoplescooters.com,timeout,,False,0,0,False
bigskyinflatables.com,timeout,,False,0,0,False
bigstevefromengland.com,timeout,,False,0,0,False
bigsupply.com,timeout,,False,0,0,False
bigtallpants.com,timeout,,False,0,0,False
bigtexbeaumont.com,timeout,,False,0,0,False
bigtexbenton.com,timeout,,False,0,0,False
bigtexcanton.com,timeout,,False,0,0,False
bigtexhorsetrailers.com,timeout,,False,0,0,False
bigtexhouston.com,timeout,,False,0,0,False
bigtexodessa.com,timeout,,False,0,0,False
bigtexphoenix.com,timeout,,False,0,0,False
bigtexsulphur.com,timeout,,False,0,0,False
bigtextucson.com,timeout,,False,0,0,False
bigtexwichitafalls.com,timeout,,False,0,0,False
bigtoolstore.com,timeout,,False,0,0,False
bigweeniebrand.com,timeout,,False,0,0,False
bijousina.com,timeout,,False,0,0,False
bijoux.com.au,timeout,,False,0,0,False
bike-center-pfennings.de,timeout,,False,0,0,False
bikecenter-mosbach.de,timeout,,False,0,0,False
bikediscount.com,timeout,,False,0,0,False
bikegallery.com,timeout,,False,0,0,False
bikehubstore.com,timeout,,False,0,0,False
bikejane.com,timeout,,False,0,0,False
bikemotor.com,timeout,,False,0,0,False
bikerdog.com,timeout,,False,0,0,False
bikes-4-sale.com,timeout,,False,0,0,False
bikeworkskona.com,timeout,,False,0,0,False
bikkembergs.com,timeout,,False,0,0,False
bildperso.de,timeout,,False,0,0,False
billetprototypes.com,timeout,,False,0,0,False
billig-banner24.de,timeout,,False,0,0,False
billigereinkaufen.de,timeout,,False,0,0,False
billingtracker.com,timeout,,False,0,0,False
billmelater.com,timeout,,False,0,0,False
billpay.de,timeout,,False,0,0,False
billsgs.com,timeout,,False,0,0,False
billthebutcher.com,timeout,,False,0,0,False
billybobstexas.com,timeout,,False,0,0,False
billygrant.com,timeout,,False,0,0,False
billykirk.com,timeout,,False,0,0,False
billylondonuk.com,timeout,,False,0,0,False
bilmax.net,timeout,,False,0,0,False
bilowinndixievendorportal.com,timeout,,False,0,0,False
bilstore.com,timeout,,False,0,0,False
bimmerperformancestore.com,timeout,,False,0,0,False
bin-sh.ro,timeout,,False,0,0,False
binarydesigns.com.au,timeout,,False,0,0,False
binghamstore.com,timeout,,False,0,0,False
bingodecals.com,timeout,,False,0,0,False
bio-edge.com,timeout,,False,0,0,False
bio-energetic.at,timeout,,False,0,0,False
biobeancoffee.com.au,timeout,,False,0,0,False
biodermatique.com,timeout,,False,0,0,False
biogreencrystals.com,timeout,,False,0,0,False
biogreengate.com,timeout,,False,0,0,False
biogreenusa.com,timeout,,False,0,0,False
biogrove.net,timeout,,False,0,0,False
biomarche.jp,timeout,,False,0,0,False
bioneers.org,timeout,,False,0,0,False
bionicgloves.com,timeout,,False,0,0,False
bioproductsltd.com,timeout,,False,0,0,False
biotape.net,timeout,,False,0,0,False
biotherapeuticspa.com,timeout,,False,0,0,False
bird-in-hand.com,timeout,,False,0,0,False
birdofparadisetea.com,timeout,,False,0,0,False
birdsasart.com,timeout,,False,0,0,False
biringer-reitshop.de,timeout,,False,0,0,False
birminghamdiocese.org.uk,timeout,,False,0,0,False
birthexperience.com,timeout,,False,0,0,False
birthfathersearch.com,timeout,,False,0,0,False
birthnbabies.com,timeout,,False,0,0,False
birthsanctuary.com,timeout,,False,0,0,False
birthwithlove.com,timeout,,False,0,0,False
bishopdullaghan.com,timeout,,False,0,0,False
bishopinc.com,timeout,,False,0,0,False
bishopmuseum.org,timeout,,False,0,0,False
bitburger.de,timeout,,False,0,0,False
biznetnetworks.com,timeout,,False,0,0,False
bizzingbea.com,timeout,,False,0,0,False
bjdavidsonandco.com,timeout,,False,0,0,False
bjshomeimprovement.com,timeout,,False,0,0,False
bkaufman.net,timeout,,False,0,0,False
bkesher.com,timeout,,False,0,0,False
bkoutdoorsllc.com,timeout,,False,0,0,False
bksportsfwb.com,timeout,,False,0,0,False
bkspsecurepayment.com,timeout,,False,0,0,False
black.nl,timeout,,False,0,0,False
blackboxbackup.co.nz,timeout,,False,0,0,False
blackboxcosmetics.com,timeout,,False,0,0,False
blackeyedsusanskateshop.com,timeout,,False,0,0,False
blackhawk-dsp.com,timeout,,False,0,0,False
blackherbals.com,timeout,,False,0,0,False
blackhillsgolddiscount.net,timeout,,False,0,0,False
blackice.com,timeout,,False,0,0,False
blacklinegps.com,timeout,,False,0,0,False
blackopsairsoftguns.com,timeout,,False,0,0,False
blackpoolpleasurebeach.com,timeout,,False,0,0,False
blackstonecherry.com,timeout,,False,0,0,False
blackthreadmethod.com,timeout,,False,0,0,False
blackwatersportscenter.com,timeout,,False,0,0,False
blackwiredesigns.com,timeout,,False,0,0,False
bladder-tanks.com,timeout,,False,0,0,False
bladmuziekplus.nl,timeout,,False,0,0,False
blakeandbrady.com,timeout,,False,0,0,False
blakeshelton.com,timeout,,False,0,0,False
blancocanada.com,timeout,,False,0,0,False
blanke-briefhuellen.de,timeout,,False,0,0,False
blankyouverymuch.com,timeout,,False,0,0,False
blazeproducts.com,timeout,,False,0,0,False
blazintrails.net,timeout,,False,0,0,False
bleedingbullarmory.com,timeout,,False,0,0,False
blenda.jp,timeout,,False,0,0,False
blendforlife.com,timeout,,False,0,0,False
blenheimpalace.com,timeout,,False,0,0,False
bless.co.jp,timeout,,False,0,0,False
blessedbaby.biz,timeout,,False,0,0,False
blindsaints.com,timeout,,False,0,0,False
blindsupdate.com,timeout,,False,0,0,False
blingtasticdesigns.com,timeout,,False,0,0,False
blinksalon.com,timeout,,False,0,0,False
blinqboutique.com,timeout,,False,0,0,False
blip.fm,timeout,,False,0,0,False
blissmakeupandtan.com,timeout,,False,0,0,False
blisstoolusa.com,timeout,,False,0,0,False
blocclothing.com,timeout,,False,0,0,False
blockislandsport.com,timeout,,False,0,0,False
bloggers.com.tr,timeout,,False,0,0,False
bloodyfine.com,timeout,,False,0,0,False
bloomsburystore.com,timeout,,False,0,0,False
bloopy.com.br,timeout,,False,0,0,False
blossomsintogold.com,timeout,,False,0,0,False
blu-raykopen.nl,timeout,,False,0,0,False
bluebombers.com,timeout,,False,0,0,False
bluebookinc.com,timeout,,False,0,0,False
blueboysteel.com,timeout,,False,0,0,False
bluecanvas.com,timeout,,False,0,0,False
bluecapproductions.com,timeout,,False,0,0,False
bluecity3d.com,timeout,,False,0,0,False
blueclosets.com,timeout,,False,0,0,False
bluedoorway.com,timeout,,False,0,0,False
bluedragonleathers.com,timeout,,False,0,0,False
bluedrophost.com,timeout,,False,0,0,False
blueflamecollectibles.com,timeout,,False,0,0,False
bluegiraffespa.com,timeout,,False,0,0,False
bluegoldsmiths.com,timeout,,False,0,0,False
bluegrass.com,timeout,,False,0,0,False
bluegrasscellular.com,timeout,,False,0,0,False
bluegrasshospitality.com,timeout,,False,0,0,False
blueherongifts.com,timeout,,False,0,0,False
bluehydrangeabakeshop.com,timeout,,False,0,0,False
bluemangolearning.com,timeout,,False,0,0,False
blueovalstore.com.au,timeout,,False,0,0,False
blueplanetkids.com,timeout,,False,0,0,False
blueprintservice.com,timeout,,False,0,0,False
blueribbonquiltshoppe.com,timeout,,False,0,0,False
blueribbonstory.org,timeout,,False,0,0,False
blueridgetmllc.com,timeout,,False,0,0,False
bluesea.com,timeout,,False,0,0,False
bluesfest.com.au,timeout,,False,0,0,False
blueshoestore.com,timeout,,False,0,0,False
blueskyhobbies.com,timeout,,False,0,0,False
bluestarcoffeeroasters.com,timeout,,False,0,0,False
bluetilelounge.ca,timeout,,False,0,0,False
bluevalleymeats.com,timeout,,False,0,0,False
blumen.at,timeout,,False,0,0,False
blumen.de,timeout,,False,0,0,False
blumerandstanton.com,timeout,,False,0,0,False
blur.co.uk,timeout,,False,0,0,False
blushboutique.co.uk,timeout,,False,0,0,False
bms-network.co.uk,timeout,,False,0,0,False
bmscentral.com,timeout,,False,0,0,False
bmw-classic.com,timeout,,False,0,0,False
bmw-classic.de,timeout,,False,0,0,False
bmw-kirsch.de,timeout,,False,0,0,False
bmw-motorrad.com,timeout,,False,0,0,False
bmwmob.com,timeout,,False,0,0,False
bnw-shop.de,timeout,,False,0,0,False
boaformastore.com.br,timeout,,False,0,0,False
boardcorner.com,timeout,,False,0,0,False
boardroomsoftware.com,timeout,,False,0,0,False
boatalarms.us,timeout,,False,0,0,False
boatbuys.com,timeout,,False,0,0,False
boatingrus.com,timeout,,False,0,0,False
boatwheelz.com,timeout,,False,0,0,False
bobababycarrier.com,timeout,,False,0,0,False
bobae.com.au,timeout,,False,0,0,False
bobakhan.com,timeout,,False,0,0,False
bobandtomstore.com,timeout,,False,0,0,False
bobatl.com,timeout,,False,0,0,False
bobbbiehl.com,timeout,,False,0,0,False
bobbybags.com,timeout,,False,0,0,False
bobellisshoes.com,timeout,,False,0,0,False
bobkatliquors.com,timeout,,False,0,0,False
bobmarriottsflyfishingstore.com,timeout,,False,0,0,False
bobos.com,timeout,,False,0,0,False
bobsa.us,timeout,,False,0,0,False
bobsbusiness.com,timeout,,False,0,0,False
bobsgt.com,timeout,,False,0,0,False
boburnham.com,timeout,,False,0,0,False
bobyandian.com,timeout,,False,0,0,False
bocdermatology.com.au,timeout,,False,0,0,False
bocola.de,timeout,,False,0,0,False
bodhishop.ca,timeout,,False,0,0,False
bodhishop.com,timeout,,False,0,0,False
bodigardindustries.com.au,timeout,,False,0,0,False
bodkinwines.com,timeout,,False,0,0,False
bodybuilding.com,timeout,,False,0,0,False
bodybyo.com,timeout,,False,0,0,False
bodyjewelleryshop.com,timeout,,False,0,0,False
bodylife.com,timeout,,False,0,0,False
bodymint.com,timeout,,False,0,0,False
bodynewmedspa.com,timeout,,False,0,0,False
bodyshop.co.il,timeout,,False,0,0,False
bodyworksforme.com,timeout,,False,0,0,False
boekehofshop.nl,timeout,,False,0,0,False
bogotto.de,timeout,,False,0,0,False
bohrmannknives.com,timeout,,False,0,0,False
