link,title,members,score,verticals,language
https://t.me/adsninjas,ADS NINJA , Арбитраж трафика,8542,86.7,["Core Media Buying", "Funnels / Combos"],ru
https://t.me/traffic_ultras,Traffic Ultras , Арбитраж трафика,7988,86.5,["Core Media Buying", "Funnels / Combos"],ru
https://t.me/traffic_ultras_news,Новости Traffic Ultras , Арбитраж трафика,3779,80.7,["Core Media Buying"],ru
https://t.me/shoteam_channel,SHO TEAM , Арбитраж трафика,2727,79.8,["Core Media Buying"],ru
https://t.me/+iwdI3dEoGjk4NWI0,RiskResolve - арбитраж трафика,2283,79.4,["Core Media Buying"],ru
https://t.me/cpaconqueror,🚀TrafficForce: покорение CPA,15547,78.2,["Gambling / iGaming"],ru
https://t.me/kupets_traf,🇺🇦 KUPETS_TRAF , Pro арбитраж и не только,15025,78.2,["Core Media Buying"],ru
https://t.me/thecpalive,CPA.LIVE , Арбитраж трафика,901,76.9,["Core Media Buying"],ru
https://t.me/alex_traffic_google_ads,Alex: Арбитраж Google Ads,4870,75.2,["Core Media Buying"],ru
https://t.me/xxxcpa,XXXCPA // ᴀғғɪʟɪᴀᴛᴇ ᴍᴀʀᴋᴇᴛɪɴɢ,4390,74.9,["Affiliate / CPA"],uk
https://t.me/ruslan_affblog,Ruslan AM , Все про affiliate marketing,3108,74.0,["Affiliate / CPA"],uk
https://t.me/zuevaff,Zuev , affiliate marketing,1557,72.1,["Affiliate / CPA"],
https://t.me/trafficultras_navigator,TRAFFIC ULTRAS 🔎Навигатор,1310,71.6,["Core Media Buying"],
https://t.me/shomedia,SHO MEDIA , Арбитраж трафика,4935,71.4,["Core Media Buying"],ru
https://t.me/p2pcryptoeos,P2P,Crypto,Binance,Арбитраж,Связки,3605,70.6,["Core Media Buying", "Funnels / Combos"],ru
